[
    {
        "feature": "medical",
        "title_ar": "تذاكر المرضى",
        "title_en": "Patients Tickets",
        "image_url": "/images/patients_tickets.png",
        "description_ar": "يتم من خلالها فتح تذكرة مريض ليتم إنشاء معاملات خاصة بالمريض و يمكن تعليق التذكرة لتعليق معاملات المريض و عند غلق التذكرة يتم تجميع المعاملات التي قام بها المريض و إنشاء فاتورة بها و يمكن من خلالها عرض ملخص لجميع معاملات المريض داخل التذكرة الخاصة به",
        "description_en": "Through it, a patient ticket is opened to create patient-specific transactions, and the ticket can be suspended to suspend the patient’s transactions, and when the ticket is closed, the transactions made by the patient are collected and an invoice is created through which a summary of all the patient’s transactions can be displayed inside his ticket"
    },
    {
        "feature": "medical",
        "title_ar": "حجز كشف",
        "title_en": "Examination book",
        "image_url": "/images/doctors_visits.png",
        "description_ar": "يتم إختيار تاريخ الحجز المطلوب و إسم المريض ويتم إختيار العيادة أو الطبيب و يتم تحديد الميعاد المناسب و يتم إدراج ملاحظات الطبيب و الروشتة الخاصة بالمريض و المطلوب عمله بعد الكشف ليتم إستخدامها فيما بعد",
        "description_en": "The date of the required Examination and the name of the patient are chosen, the clinic or the doctor is chosen, the appropriate date is determined, and the doctor’s notes and the patient’s prescription are included, which is required to be done after the examination to be used later."
    },
    {
        "feature": "medical",
        "title_ar": "مركز الأشعة",
        "title_en": "Scans Requests",
        "image_url": "/images/scans_requests.png",
        "description_ar": "يتم تحديد تايخ الطلب و المريض و يتم إضافة الأشعة المطلوبة و كتابة الملاحظات و إدراج ملفات و صور خاصة بالأشعة و متابعة عملية التسليم و تحديد المستلم و إظهار الأشعة السابقة لنفس المريض",
        "description_en": "The date of the request and the patient is determined, the required Scans are added, notes are written, files and images are inserted, the delivery process is followed up, the recipient is identified, and the Previous scans are shown for the same patient"
    },
    {
        "feature": "medical",
        "title_ar": "معمل التحاليل",
        "title_en": "Analysis Requests",
        "image_url": "/images/analysis_requests.png",
        "description_ar": "يتم تحديد تايخ الطلب و المريض و يتم إضافة التحاليل المطلوبة و كتابة الملاحظات و إدراج ملفات و صور خاصة بالأشعة و متابعة عملية التسليم و تحديد المستلم و إظهار التحاليل السابقة لنفس المريض",
        "description_en": "The date of the request and the patient is determined, the required analysis are added, notes are written, files and images are inserted, the delivery process is followed up, the recipient is identified, and the Previous analysis are shown for the same patient"
    },
    {
        "feature": "medical",
        "title_ar": "المرضى",
        "title_en": "Patients",
        "image_url": "/images/patients.png",
        "description_ar": "يتم من خلالها إضافة المرضى و الحالة الطبية الكاملة و كافة البيانات المتعلقة بالمريض لإستخدامها فيما بعد",
        "description_en": "Through it, patients, the complete medical condition, and all patient data are added for later use"
    },
    {
        "feature": "medical",
        "title_ar": "الأطباء",
        "title_en": "Doctors",
        "image_url": "/images/doctors.png",
        "description_ar": "يتم من خلالها إضافة الأطباء و التخصص و كافة البيانات المتعلقة بالطبيب لإستخدامها فيما بعد",
        "description_en": "Through it, doctors, specialty, and all data related to the doctor are added for later use"
    },
    {
        "feature": "medical",
        "title_ar": "التمريض",
        "title_en": "Nursing",
        "image_url": "/images/nurse.png",
        "description_ar": "يتم من خلالها إضافة التمريض و التخصص و كافة البيانات المتعلقة بالتمريض لإستخدامها فيما بعد",
        "description_en": "Through it, nursing, specialty and all data related to nursing are added for later use"
    },
    {
        "feature": "medical",
        "title_ar": "العيادات",
        "title_en": "Clinics",
        "image_url": "/images/clinic.png",
        "description_ar": "يتم من خلالها إضافة العيادات و تحديد إسم العيادة و التخصص و أسعار الحجوزات و مواعيد العمل و الأطباء و التمريض و الأجازات الخاصة بالعيادة لإستخدامها فيما بعد",
        "description_en": "Through which the clinics are added, the names of the clinics is determined, the specialty, the prices of the Examinations, the work hours, the doctors, the nursing, and the vacations for the clinic for later use."
    },
    {
        "feature": "medical",
        "title_ar": "شركات التأمين الطبي",
        "title_en": "Medical Insurance Companies",
        "image_url": "/images/medical_insurance_companies.png",
        "description_ar": "يتم من خلالها إضافة شركة التأمين و تحديد شرائح التأمين و تحديد كل الأدوية و التحاليل و الأشعة و العمليات خارج شريحة التأمين و التي تحتاج لموافقة ",
        "description_en": "Through which the insurance company is added, insurance segments are defined, and all drugs, analyzes, radiology, and operations outside the insurance segment are identified that require approval."
    },
    {
        "feature": "medical",
        "title_ar": "الأشعة",
        "title_en": "Scans",
        "image_url": "/images/scans.png",
        "description_ar": "يتم من خلالها إضافة أسماء الأشعة و تحديد سعرها و مدة تسليمها لإستخدامها فيما بعد",
        "description_en": "Through it, the names of the Scan is added and its price and delivery period determined for future use"
    },
    {
        "feature": "medical",
        "title_ar": "التحاليل",
        "title_en": "Analysis",
        "image_url": "/images/analysis.png",
        "description_ar": "يتم من خلالها إضافة أسماء التحاليل و تحديد سعره و مدة تسليمه و المعدل الطبيعي لإستخدامها فيما بعد",
        "description_en": "Through it, the names of the analysis is added, its price, the period of delivery and the normal rate for its use later"
    },
    {
        "feature": "medical",
        "title_ar": "التخصصات الطبية",
        "title_en": "Medical Specialty",
        "image_url": "/images/medical_specialty.png",
        "description_ar": "يتم من خلالها إضافة أسماء التخصصات الطبية لإستخدامها فيما بعد",
        "description_en": "Through it, the names of the medical specialty is added for later use"
    },
    {
        "feature": "medical",
        "title_ar": "العمليات",
        "title_en": "Operation",
        "image_url": "/images/operation.png",
        "description_ar": "يتم من خلالها إضافة أسماء العمليات لإستخدامه فيما بعد",
        "description_en": "Through it, the names of the operations is added for later use"
    },
  
    {
        "feature": "school",
        "title_ar": "المدرسين",
        "title_en": "Teachers",
        "image_url": "/images/trainer.png",
        "description_ar": "يتم فيها إضافة المدرسين تحديد إسم و بيانات المدرس و ربط المدرس بمواد دراسية",
        "description_en": "In which teachers are added, the teacher's name and information are specified, and the teacher is linked to study materials"
    },
    {
        "feature": "school",
        "title_ar": "الطلاب",
        "title_en": "School",
        "image_url": "/images/student.png",
        "description_ar": "الشاشة المسئولة عن إضافة الطلاب و تسجيل البيانات الخاصة بهم و بأولياء أمورهم لسهولة التواصل معهم و إيضا بيان عن حالة الطالب الطبية و ربطه بالمرحلة الدراسة و الفصل",
        "description_en": "Responsibility for adding students and their data and data about their parents, communicating with them and also explaining the student's medical status and linking it to the study and the semester"
    },
    {
        "feature": "school",
        "title_ar": "أعمال السنة",
        "title_en": "Year Works",
        "image_url": "/images/year_works.png",
        "description_ar": "يتم تحديد السنة و المرحلة و الفصل و المادة من المدرس المختص و وضع درجات أعمال السنة للطلاب",
        "description_en": "The year, stage, semester and subject are determined by the relevant teacher, and the grades of the year’s work are set for students"
    },
    {
        "feature": "school",
        "title_ar": "أنواع المصروفات",
        "title_en": "Types Expenses",
        "image_url": "/images/types_expenses.png",
        "description_ar": "يتم تحديد المصروفات الدراسية الملزمة على الطلاب و ربطها بالمرحلة الدراسية و تحديد قيمتها حسب كل مرحلة",
        "description_en": "The tuition fees obligated by the students are determined and linked to the academic stage and its value is determined according to each stage"
    },
    {
        "feature": "school",
        "title_ar": "المواد الدراسية",
        "title_en": "Subjects",
        "image_url": "/images/subjects.png",
        "description_ar": "يتم إدخال المواد الدراسية و ربطها بمرحلة دراسية",
        "description_en": "The study materials are entered and linked to a study stage"
    },
    {
        "feature": "school",
        "title_ar": "أرقام الجلوس",
        "title_en": "Seating Numbers",
        "image_url": "/images/seating_numbers.png",
        "description_ar": "يتم إختيار الطلاب من خلال السنة الدراسية أو الفصل و تحديد رقم جلوس لكل طالب",
        "description_en": "Students are selected by the academic year or semester, and a seating number is specified for each student"
    },
    {
        "feature": "school",
        "title_ar": "الأعوام الداسية",
        "title_en": "School Years",
        "image_url": "/images/school_years.png",
        "description_ar": "يتم فيها فتح عام دراسي و الذي يتم ربطه بجميع المعاملات المالية و الإدارية لتحديد كل ما تم خلال العام الدراسي لسهولة مراجعته و حصره فيما بعد",
        "description_en": "They are linked in administrative financial transactions and determine the academic year for easy review and later."
    },
    {
        "feature": "school",
        "title_ar": "السنوات الطلابية",
        "title_en": "School Years",
        "image_url": "/images/students_years.png",
        "description_ar": "يتم فيها إضافة سنوات طلابية و ربطها بمرحلة دراسية و إرفاق مصروفات دراسية و تحديد قيمتها لكل سنة و تحديد المواد الدراسية الخاصة بكل سنة و تحديد درجات إفتراضية للمواد بالنسبة للسنة مثل درجة إمتحان (الشهر - الميدتيرم - نصف العام - آخر العام -درجة أعمال السنة)",
        "description_en": "In which student years are added and linked to a study stage, study expenses are attached, their value is determined for each year, study subjects are specified for each year, and default grades for subjects are determined for the year, such as exam score (month - midterm - half year - end of the year - year work grade)"
    },
    {
        "feature": "school",
        "title_ar": "المراحل الدراسية",
        "title_en": "School Grade",
        "image_url": "/images/students_years.png",
        "description_ar": "يتم فيها تحديد إسم المرحلة الدراسية و تحديد المصروفات الدراسية الخاصة بالمرحلة و تحديد المواد الدراسية للمرحلة و درجات الإمتحانات",
        "description_en": "In it, the name of the academic stage is determined, the study expenses for the stage, and the study materials for the stage and exam scores are determined"
    },
    {
        "feature": "school",
        "title_ar": "الإمتحانات",
        "title_en": "Exams",
        "image_url": "/images/exams.png",
        "description_ar": "يتم إنشاء إمتحان و ربطه بمرحلة دراسية أو بطلاب مخصصين و يمكن إنشاء أسئلة و إختبار الطلاب و تصحيح الإمتحان ووضع الدرجات و عمل تقرير مفصل لكل الطلاب لتحديد النجاح و الرسوب",
        "description_en": "An exam is created and linked to a stage of study or to dedicated students. Questions can be created and students tested, exam correction and grades can be made and a detailed report made for all students to determine success and failure"
    },
    {
        "feature": "school",
        "title_ar": "جدول الحصص",
        "title_en": "Class Schedule",
        "image_url": "/images/class_schedule.png",
        "description_ar": "يتم من خلاله إنشاء جدول حصص لكل فصل و إختيار المدرس و المادة و بداية و نهاية الحصة",
        "description_en": "Through it, a class schedule is created for each semester and the teacher, subject, beginning and end of the class are selected"
    },
    {
        "feature": "school",
        "title_ar": "المحاضرات عبر الإنترنت",
        "title_en": "Online Sessions",
        "image_url": "/images/online_sessions.png",
        "description_ar": "يتم إنشاء محاضرة عن طريق الإنتر نت عن طريق المدرس و يتم تحديد الطلاب المتاح لهم دخول المحاضرة و يمكن للمدرس متابعة أجهزة الطلاب و الدخول عليها لمتابعة ما يفعله الطلاب أثناء المحاضرة ",
        "description_en": "A lecture is created on the Internet by the teacher and the students who are allowed to enter the lecture are identified, and the teacher can follow up on the students ’devices and access them to follow what the students do during the lecture"
    },
    {
        "feature": "school",
        "title_ar": "المكتبات",
        "title_en": "Libraries",
        "image_url": "/images/libraries.png",
        "description_ar": "يتم من خلاله إضافة محتوى دراسي و يمكن ربطه بمرحلة دراسية أو سنة طلابيه معينه و يتم رفع الفيديوهات أو الصور أو الملفات أو وضع لينكات للمحتوى ليتسنى للطلاب بعد ذلك الدخول على المحتوى للإستفادة منه",
        "description_en": "Through it, academic content is added and can be linked to a specific study stage or student year, and videos, pictures, files, or links are uploaded to the content so that students can then access the content to take advantage of it."
    },
    {
        "feature": "school",
        "title_ar": "حضور و غياب الطلاب",
        "title_en": "Attend & Absence Students",
        "image_url": "/images/attend_students.png",
        "description_ar": "يتم من خلالها تسجيل حضور أو إنصراف أو غياب لجميع الطلاب بالوقت و التاريخ و عمل تقرير مفصل لكل طالب و لكل فصل و لكل مرحلة دراسية ",
        "description_en": "Through it, the attendance, departure, or absence of all students is recorded with the time and date, and a detailed report is made for each student, for each class, and for each academic stage"
    },
    {
        "feature": "school",
        "title_ar": "الفصول الدراسية/القاعات",
        "title_en": "Halls/Classrooms",
        "image_url": "/images/hall.png",
        "description_ar": "يتم إضافة قاعات التدريب و المحاضرات و ربطها بالطلاب و أنشطة الطلاب بها داخل القاعة لتسهيل و حصر سير العمل",
        "description_en": "Training rooms and lectures are added and linked to the participants and the activities Students to inside the hall to facilitate and limit the work progress."
    },
    {
        "feature": "school",
        "title_ar": "الأمراض و الأدوية",
        "title_en": "Diseases and medications",
        "image_url": "/images/disease.png",
        "description_ar": "يتم إضافة أنواع من الأمراض أو الأدوية و ربط الطلاب بها ليتم التعامل مع المصابين بالطريقة المناسبة و للحفاظ على سلامتهم",
        "description_en": "Kinds of diseases or medications are added, and the participants are linked to them in order to deal with the injured in the appropriate way and to maintain their safety"
    },
    {
        "feature": "academy",
        "title_ar": "الطلاب",
        "title_en": "Students",
        "image_url": "/images/customer.png",
        "description_ar": "الشاشة المسئولة عن إضافة الطلاب و تسجيل البيانات الخاصة بهم و بأولياء أمورهم لسهولة التواصل معهم و إيضا بيان عن حالة الطالب و الأمراض التي يعاني منهاو الأدوية التي يتناولها و المشروبات و الأطعمة التي يعاني من حساسية منها",
        "description_en": "The screen responsible for adding students and recording their data and their families for easy communication with them, as well as a statement about the student’s condition, the diseases that the medications you take, drinks and foods that he suffers from are allergic to."
    },
    {
        "feature": "academy",
        "title_ar": "المستأجرين",
        "title_en": "Tenants",
        "image_url": "/images/tenant.png",
        "description_ar": "الشاشة المسئولة عن إضافة المستأجرين و بياناتهم و العناوين الخاصة بهم لسهولة الوصول إليهم",
        "description_en": "The screen responsible for adding tenants, their data and addresses for easy access to them."
    },
    {
        "feature": "academy",
        "title_ar": "القاعات",
        "title_en": "Halls",
        "image_url": "/images/hall.png",
        "description_ar": "يتم إضافة قاعات التدريب و المحاضرات و ربطها بالمشتركين أو الطلاب و الأنشطة المشتركين بها داخل القاعة لتسهيل و حصر سير العمل",
        "description_en": "Training rooms and lectures are added and linked to the participants or students and the activities subscribed to inside the hall to facilitate and limit the work progress."
    },
    {
        "feature": "academy",
        "title_ar": "الأمراض و الأدوية",
        "title_en": "Diseases and medications",
        "image_url": "/images/disease.png",
        "description_ar": "يتم إضافة أنواع من الأمراض أو الأدوية و ربط المشتركين أو الطلاب بها ليتم التعامل مع المصابين بالطريقة المناسبة و للحفاظ على سلامتهم",
        "description_en": "Kinds of diseases or medications are added, and the participants or students are linked to them in order to deal with the injured in the appropriate way and to maintain their safety"
    },
    {
        "feature": "academy",
        "title_ar": "تعريف الكورسات",
        "title_en": "Courses",
        "image_url": "/images/courses.png",
        "description_ar": "يتم من خلالها تعريف إسم الكورس و السعر و إجمالي مدة الكورس و عدد المحاضرات",
        "description_en": "Through which the name of the course, price, total duration of the course and number of lectures are defined."
    },
    {
        "feature": "academy",
        "title_ar": "إنشاء الكورسات",
        "title_en": "Create Course",
        "image_url": "/images/create_course.png",
        "description_ar": "الشاشة التي يتم منها إنشاء الكورسات من خلال إختيار كورس تم إدخاله مسبقا من شاشة تعريف الكورسات ثم إدخال تاريخ بداية و نهاية الكورس و إختيار القاعة من شاشة القاعات ثم تحديد عدد المحاضرات و التعديل عليها و تحديد ميعاد المحاضرات بالوقت و التاريخ",
        "description_en": "The screen from which courses are created by selecting a course that was previously entered from the course definition screen and then entering the beginning and end date of the course and choosing the hall from the halls screen then determining the number of lectures and modifying them and setting the date of the lectures by time and date."
    },
    {
        "feature": "academy",
        "title_ar": "حجز القاعات",
        "title_en": "Book Hall",
        "image_url": "/images/book_hall.png",
        "description_ar": "يتم من خلالها حجز القاعات من خلال إختيار مستأجر و قاعة تم إضافتهم مسبقا من الشاشات المخصصة لهم و إدخال تاريخ بداية و نهاية الحجز و إدخال مدة الحجز و عدد المحاضرات و تحديد كل محاضرة بالوقت و التاريخ",
        "description_en": "Through which rooms are reserved by selecting a tenant and a hall previously added from the screens designated for them, entering the start and end date of the reservation, entering the reservation period and the number of lectures, and specifying each lecture by time and date."
    },
    {
        "feature": "academy",
        "title_ar": "إستمارة حجز كورس",
        "title_en": "Course reservation form",
        "image_url": "/images/book_course.png",
        "description_ar": "الشاشة المسئولة عن إضافة حجز الطلاب للكورسات من خلال إختيار الطالب ثم إختيار الكورس و عرض المدربين ثم يختار الطالب الكورس الذي يريده و يتم الحجز و إنشاء فاتورة حجز",
        "description_en": "The screen responsible for adding students ’bookings to the courses through selecting the student, then choosing the course and displaying the trainers, then the student selects the course he wants and the reservation is made and a reservation invoice is created."
    },
    {
        "feature": "academy",
        "title_ar": "الإستضافة",
        "title_en": "Hosting",
        "image_url": "/images/hosting.png",
        "description_ar": "الإستضافة هي أشبه بقاعة إنتظار لمجموعة من الطلاب حتى يتم إستلامهم من أولياء أمورهم و يتم إضافة إستضافة جديدة من خلال إختيار قاعة و موظفمن الشاشات المخصصة لهم و تحديد نوع الإستضافة صباحية أو مسائية و إضافة الطلاب فيها مع وقت دخول الطالب ووقت خروجه و تحديد سعر الإستضافة لكل طالب لإنشاء فاتورة",
        "description_en": "Hosting is more like a waiting room for a group of students until they are received from their parents, and a new hosting is added by selecting a hall and an employee from the screens assigned to them and determining the type of hosting in the morning or evening and adding students in it with the time of student entry and the time of his exit and determining the hosting price for each Request to create an invoice."
    },
    {
        "feature": "lawyer",
        "title_ar": "المحاكم",
        "title_en": "Courts",
        "image_url": "/images/court.png",
        "description_ar": "الشاشة المسئولة عن إضافة و تعريف المحاكم لإستخدامها في إضافة نشاطات المكتب الأساسية",
        "description_en": "The screen responsible for adding and defining courts for use in adding basic office activities"
    },
    {
        "feature": "lawyer",
        "title_ar": "الدوائر",
        "title_en": "Circle",
        "image_url": "/images/circle.png",
        "description_ar": "الشاشة المسئولة عن إضافة و تعريف الدوائر لإستخدامها في إضافة نشاطات المكتب الأساسية",
        "description_en": "The screen responsible for adding and defining circle for use in adding basic office activities"
    },
    {
        "feature": "lawyer",
        "title_ar": "الصفات",
        "title_en": "Adjectives",
        "image_url": "/images/adjectives.png",
        "description_ar": "الشاشة المسئولة عن إضافة و تعريف الصفات لإستخدامها في إضافة نشاطات المكتب الأساسية",
        "description_en": "The screen responsible for adding and defining adjectives for use in adding basic office activities"
    },
    {
        "feature": "lawyer",
        "title_ar": "أسباب الجلسات",
        "title_en": "Reasons Sessions",
        "image_url": "/images/reasons_sessions.png",
        "description_ar": "الشاشة المسئولة عن إضافة و تعريف أسباب الجلسات لإستخدامها في إضافة نشاطات المكتب الأساسية",
        "description_en": "The screen responsible for adding and defining reasons sessions for use in adding basic office activities"
    },
    {
        "feature": "lawyer",
        "title_ar": "أنواع الطلبات",
        "title_en": "Request Types",
        "image_url": "/images/request_types.png",
        "description_ar": "الشاشة المسئولة عن إضافة و تعريف أنواع الطلبات لإستخدامها في إضافة نشاطات المكتب الأساسية",
        "description_en": "The screen responsible for adding and defining request types for use in adding basic office activities"
    },
    {
        "feature": "lawyer",
        "title_ar": "أنواع التوكيلات",
        "title_en": "Rogatory Types",
        "image_url": "/images/rogatory_types.png",
        "description_ar": "الشاشة المسئولة عن إضافة و تعريف أنواع التوكيلات لإستخدامها في إضافة نشاطات المكتب الأساسية",
        "description_en": "The screen responsible for adding and defining rogatory types for use in adding basic office activities"
    },
    {
        "feature": "lawyer",
        "title_ar": "أماكن التوكيلات",
        "title_en": "Rogatory places",
        "image_url": "/images/rogatory_places.png",
        "description_ar": "الشاشة المسئولة عن إضافة و تعريف أماكن التوكيلات لإستخدامها في إضافة نشاطات المكتب الأساسية",
        "description_en": "The screen responsible for adding and defining rogatory places for use in adding basic office activities"
    },
    {
        "feature": "lawyer",
        "title_ar": "حالات الدعاوى",
        "title_en": "Lawsuit Status",
        "image_url": "/images/lawsuit_status.png",
        "description_ar": "الشاشة المسئولة عن إضافة و تعريف حالات الدعاوى لإستخدامها في إضافة نشاطات المكتب الأساسية",
        "description_en": "The screen responsible for adding and defining lawsuit status for use in adding basic office activities"
    },
    {
        "feature": "lawyer",
        "title_ar": "أنواع الدعاوى",
        "title_en": "Lawsuit Types",
        "image_url": "/images/lawsuit_types.png",
        "description_ar": "الشاشة المسئولة عن إضافة و تعريف أنواع الدعاوى لإستخدامها في إضافة نشاطات المكتب الأساسية",
        "description_en": "The screen responsible for adding and defining lawsuit types for use in adding basic office activities"
    },
    {
        "feature": "lawyer",
        "title_ar": "درجات الدعاوى",
        "title_en": "Lawsuit Degrees",
        "image_url": "/images/lawsuit_degrees.png",
        "description_ar": "الشاشة المسئولة عن إضافة و تعريف درجات الدعاوى لإستخدامها في إضافة نشاطات المكتب الأساسية",
        "description_en": "The screen responsible for adding and defining lawsuit degrees for use in adding basic office activities"
    },
    {
        "feature": "lawyer",
        "title_ar": "الموكلين",
        "title_en": "Clients",
        "image_url": "/images/vendor.png",
        "description_ar": "الشاشة المسئولة عن إضافة الموكلين و تسجيل كافة المعلومات و العناوين الخاصة بهم",
        "description_en": "The screen responsible for adding clients and registering all their information and addresses"
    },
    {
        "feature": "lawyer",
        "title_ar": "مجموعات الموكلين",
        "title_en": "Clients Groups",
        "image_url": "/images/vendor_group.png",
        "description_ar": "الشاشة المسئولة عن إضافة مجموعات موكلين و ربطها بالموكلين المشتركين في نفس الصفات لتسهيل الوصول إليهم",
        "description_en": "The screen responsible for adding groups of clients and linking them to clients sharing the same characteristics to facilitate access to them"
    },
    {
        "feature": "lawyer",
        "title_ar": "الخصوم",
        "title_en": "Oppenents",
        "image_url": "/images/oppenents.png",
        "description_ar": "الشاشة المسئولة عن إضافة الخصوم و تسجيل كافة المعلومات و العناوين الخاصة بهم",
        "description_en": "The screen responsible for adding oppenents and registering all their information and addresses"
    },
    {
        "feature": "lawyer",
        "title_ar": "محاميين الخصوم",
        "title_en": "Oppenents Lawyers",
        "image_url": "/images/oppenents_lawyers.png",
        "description_ar": "الشاشة المسئولة عن إضافة محاميين الخصوم و تسجيل كافة المعلومات و العناوين الخاصة بهم",
        "description_en": "The screen responsible for adding oppenents lawyers and registering all their information and addresses"
    },
    {
        "feature": "lawyer",
        "title_ar": "محاميين المكتب",
        "title_en": "office Lawyers",
        "image_url": "/images/oppenents_lawyers.png",
        "description_ar": "الشاشة المسئولة عن إضافة محاميين المكتب و تسجيل كافة المعلومات و العناوين الخاصة بهم",
        "description_en": "The screen responsible for adding office lawyers and registering all their information and addresses"
    },
    {
        "feature": "lawyer",
        "title_ar": "الأعمال الإدارية",
        "title_en": "Administrative Business",
        "image_url": "/images/administrative_business.png",
        "description_ar": "يتم كتابة إسم الموضوع الخاص بالعمل الإداري و إختيار طلب يتم إدخاله مسبقاّ من شاشة أنواع الطلبات لتسجيل عمل إداري جديد",
        "description_en": "Enter the subject name for the administrative work and choose an application from the Types of Requests screen to register a new administrative work"
    },
    {
        "feature": "lawyer",
        "title_ar": "إضافة التوكيلات",
        "title_en": "Rogatory Add",
        "image_url": "/images/rogatory.png",
        "description_ar": "لإضافة توكيل جديد يجب كتابة حرف و رقم و سنة التوكيل و إختيار مكان و نوع التوكيل يتم إدخالهم مسبقاّ من الشاشات المخصصة لإضافتهم",
        "description_en": "To add a new power of attorney, you must enter a letter, number, year of the power of attorney, and choose the place of the power of attorney and the type of power of attorney that is entered in advance from the screens designated for adding them."
    },
    {
        "feature": "lawyer",
        "title_ar": "إضافة الدعاوى",
        "title_en": "Lawsuit Add",
        "image_url": "/images/lawsuit_add.png",
        "description_ar": "لإضافة دعوى جديدة يجب كتابة رقم و سنة الدعوة و إختيار مكان و دائرة الدعوى و إختيار أسماء الخصوم و محامين الخصوم و إختيار أسماء الموكلين و محامين الموكلين يتم إدخالهم مسبقاّ من الشاشات المخصصة لإضافتهم و يمكن إرفاق ملفات خاصة بالدعوى",
        "description_en": "To add a new lawsuit, you must enter the number and year of the invitation, choose the location and department of the case, enter the names of the litigants and the attorneys of the litigants, and enter the names of the clients and the attorneys of the clients. They are entered in advance from the screens designated for their addition."
    },
    {
        "feature": "lawyer",
        "title_ar": "إضافة الجلسات",
        "title_en": "Session Add",
        "image_url": "/images/session_add.png",
        "description_ar": "لإضافة جلسة جديدة يجب إختيار دعوى أضيفت مسبقاّ من شاشة إضافة الدعاوى و كتابة رقم الرول و الطلبات و القرار و الوصف و إختيار سبب الجلسة المضافة مسبقاّ من شاشة أسباب الجلسات",
        "description_en": "To add a new session, you must choose a case that was added previously from the Add Claims screen, write down the Roll number, requests, decision, description, and choose the reason for the previously added session from the Session Reasons screen."
    },
    {
        "feature": "order",
        "title_ar": "شاشة الطلبات",
        "title_en": "Orders screen",
        "image_url": "/images/order_invoice.png",
        "description_ar": "الشاشة المسئولة عن إضافة طلبات الأصناف للعملاء و أنواعها طاولات , تيك أواي , توصيل ويمكن منها إضافة عملاء و إنشاء فاتورة حساب للطلب",
        "description_en": "The screen responsible for adding items requests to customers and their types, tables, take away, delivery, and it is possible to add clients and create an account invoice for the order."
    },
    {
        "feature": "order",
        "title_ar": "إدارة شاشة الطلبات",
        "title_en": "Orders management screen",
        "image_url": "/images/order_management.png",
        "description_ar": "هي شاشة مسئولة عن إدارة الطلبات من شاشة الطلبات و يمكن فتح الطلبات المغلقة أو إنشاء فواتير حسابات أو تغيير عامل التوصيل",
        "description_en": "Is a screen responsible for managing orders from the orders screen and can open closed orders or create account invoices or change the delivery factor"
    },
    {
        "feature": "order",
        "title_ar": "طلبات العملاء",
        "title_en": "Customer orders",
        "image_url": "/images/order_customer.png",
        "description_ar": "يتيح للعميل الدخول على البرنامج من خلال الحاسوب أو الهاتف و عمل تسجيل عميل جديد ليتمكن من إضافة طلبات للأصناف التي يريد شرائها",
        "description_en": "It allows the customer to enter the program through a computer or phone and make a new customer registration so that he can add requests to the items he wants to buy"
    },
    {
        "feature": "order",
        "title_ar": "الطلبات الموزعة",
        "title_en": "Distributed orders",
        "image_url": "/images/order_distributor.png",
        "description_ar": "يتم متابعة الطلبات من نوع توصيل و الإشراف على وصولها و متابعة عامل التوصيل حتى يتم توصيل الطلب للعميل",
        "description_en": "Follow-up requests of the type of delivery and supervision of their arrival and follow-up of the delivery agent until the request is delivered to the customer"
    },
    {
        "feature": "restaurant",
        "title_ar": "المطابخ - طلبات المطابخ",
        "title_en": "Kitchens - Kitchens orders",
        "image_url": "/images/order_kitchen.png",
        "description_ar": "يتم ربط الصنف بمطبخ و عند عمل طلب من شاشة الطلبات يتم نقل الأصناف إلى طلبات المطبخ ليتم تسليم الأصناف التي تم تجهيزها",
        "description_en": "The item is linked to a kitchen, and when a request is made from the orders screen, the items are transferred to the kitchen requests, so that the supplied items are delivered"
    },
    {
        "feature": "restaurant",
        "title_ar": "الطاولات - مجموعة الطاولات",
        "title_en": "Tables - tables group",
        "image_url": "/images/tables.png",
        "description_ar": "يتم إضافة مجموعة طاولات و ربطها  بمجموعة من الطاولات الموجودين في نفس المكان المشتركة في نفس الصفات",
        "description_en": "A group of tables is added and linked to a group of tables located in the same place who share the same characteristics"
    },
    {
        "feature": "club",
        "title_ar": "الأنشطة الخدمات المجمعة",
        "title_en": "Services/Activities & Bundled activities ",
        "image_url": "/images/activity.png",
        "description_ar": "يتم إضافة خدمات/أنشطة حسب طبيعة عمل النادي و يمكن إضافة خدمة/نشاط مجمعة تتكون من  خدمات/أنشطة أخرى و يتم تعيين سعر كل خدمة/نشاط و عدد مرات الحضور",
        "description_en": "Activities are added according to the nature of the work of the club, and a combined service/activity consisting of other services/activities can be added, and the price of each service/activity and the number of times are set"
    },
    {
        "feature": "club",
        "title_ar": "القاعات",
        "title_en": "Halls",
        "image_url": "/images/hall.png",
        "description_ar": "يتم إضافة قاعات يتم فيها تلقي الخدمات/الأنشطة و ربطها بالمشتركين و الخدمات/الأنشطة المشتركين بها داخل القاعة لتسهيل و حصر سير العمل",
        "description_en": "Training rooms and lectures are added and linked to the participants and the services/activities subscribed to inside the hall to facilitate and limit the work progress."
    },
    {
        "feature": "club",
        "title_ar": "الأمراض و الأدوية",
        "title_en": "Diseases and medications",
        "image_url": "/images/disease.png",
        "description_ar": "يتم إضافة أنواع من الأمراض أو الأدوية و ربط المشتركين بها ليتم التعامل مع المصابين بالطريقة المناسبة و للحفاظ على سلامتهم",
        "description_en": "Kinds of diseases or medications are added, and the participants are linked to them in order to deal with the injured in the appropriate way and to maintain their safety"
    },
    {
        "feature": "club",
        "title_ar": "طلبات الخدمات/الأنشطة",
        "title_en": "Services/Activities Requests",
        "image_url": "/images/request_activity.png",
        "description_ar": "يتيح إضافة طلب خدمات/أنشطة للمشترك و يتم تحديد المشترك و القاعة و المدرب و الخدمة/النشاط التي يريد الإشتراك بها و يمكن إضافة فاتورة حساب و تسجيل حضور الجلسات للخدمة/للنشاط بالوقت و التاريخ",
        "description_en": "It allows adding a service/activity request to the subscriber, and the subscriber, the hall, the trainer and the service/activity that he wants to subscribe to are specified, and an account invoice can be added and the attendance of the sessions for the activity is recorded by time and date"
    },
    {
        "feature": "club",
        "title_ar": "حضور المشتركين",
        "title_en": "Attend subscribers",
        "image_url": "/images/attend_subscribers.png",
        "description_ar": "يتم تسجيل حضور للمشتركين للنادي بالوقت و التاريخ و يمكن تسجيل الحضور يدويا أو بالبصمة و يتم عرض الخدمات/الأنشطة المتاحة للعميل الذي حضر و عرض باقي الفواتير المستحقة على المشترك",
        "description_en": "Attendance of the participants in the club is recorded by time and date, attendance can be recorded manually or by fingerprint, and the services/activities available to the customer who attended and the remaining bills due on the customer are shown"
    },
    {
        "feature": "club",
        "title_ar": "حضور الجلسات",
        "title_en": "Attend Sessions",
        "image_url": "/images/attend_session.png",
        "description_ar": "يتم تسجيل حضور للمشتركين للجلسة بالوقت و التاريخ و إختيار المدرب المصاحب للمشترك خلال الجلسة و يتم خصم الجلسة من مرات حضور المشترك للخدمة/للنشاط",
        "description_en": "The attendance of the participants is recorded in the session by time and date and the choice of the coach accompanying the participant during the session. The session is deducted from the times the participant attends the service/activity."
    },
    {
        "feature": "club",
        "title_ar": "معلومات المشتركين",
        "title_en": "Subscribers Information",
        "image_url": "/images/customer_info.png",
        "description_ar": "يتم اختيار مشترك و عرض خدمات/الأنشطة المشترك بها و عدد مرات الحضور المتبقية و الفواتير المستحقة وعرض الأيام المتبقية لإنتهاء الخدمة/النشاط و ظهور الخدمات/الأنشطة بألوان مميزة لتسهيل معرفة الأيام المتبقية من الإشتراك لتجديده",
        "description_en": "A subscriber is chosen, the services/activities offered are subscribed, the number of remaining attendance, the bills due, and the remaining days for the end of service/activity and the appearance of services/activities in distinct colors to facilitate knowledge of the remaining days of the subscription to renew it."
    },
    {
        "feature": "public",
        "title_ar": "الشركات و الفروع",
        "title_en": "Companies and Branches",
        "image_url": "/images/company.png",
        "description_ar": "يتيح البرنامج إضافة أكثر من شركة و أكثر من فرع لشركة و ربطهم ببعض و التحكم فيهم بسهولة",
        "description_en": "The program allows adding more than one company and more than one branch of a company and linking them to each other and controlling them easily"
    },
    {
        "feature": "public",
        "title_ar": "المستخدمين و الصلاحيات",
        "title_en": "Users and permissions",
        "image_url": "/images/permision.png",
        "description_ar": "يتيح البرنامج إضافة مستخدمين و ربطهم بالموظفين و العملاء و تنظيم صلاحيات كل منهم على الشاشات و الأزرار و ظهور البيانات لتحديد إحتياجات العمل لكل مستخدم.",
        "description_en": "The program allows adding users, linking them to employees and clients, and organizing the powers of each of them on screens, buttons, and the appearance of data to determine the business needs of each user."
    },
    {
        "feature": "public",
        "title_ar": "نظام المراقبة",
        "title_en": "Monitoring system",
        "image_url": "/images/monitor.png",
        "description_ar": "يتم فيه تسجيل كل ما يتم على البرنامج من إضافة أو تعديل أو حذف المعاملات و الملفات و تحديد المستخدم و الوقت الذي تمت فيه العملية.",
        "description_en": "It records all that is done on the program, from adding, modifying or deleting transactions and files, and specifying the user and the time that the process was completed."
    },
    {
        "feature": "public",
        "title_ar": "الحماية و تشفير البيانات",
        "title_en": "Security and data encryption",
        "image_url": "/images/security_encrypt.png",
        "description_ar": "تتمتع برامجنا بأعلى درجات الحماية لتوفر الأمان لك  و لشركتك و للبيانات الخاصة بسير العمل للمؤسسات مع أقوى برامج الحماية و تشفير البيانات بشكل كامل لمنع سرقة البيانات أو الإختراق",
        "description_en": "Our programs enjoy the highest levels of protection to provide security for you and your company and data for the workflow of institutions with the strongest protection programs and data encryption completely to prevent data theft or hack"
    },
    {
        "feature": "public",
        "title_ar": "الإدارة والتنظيم عن بعد",
        "title_en": "Remote administration and management",
        "image_url": "/images/Remote_management.png",
        "description_ar": "بإستطاعة برامجنا توفير الدخول على النظام عن طريق الهاتف أو الأجهزة الموبايلة مما يضيف مرونة لإدارة النظام من أي مكان و في أي وقت.",
        "description_en": "Our brograms can provide access to the system by phone or mobile devices, which adds flexibility to manage the system from anywhere and at any time"
    },
    {
        "feature": "public",
        "title_ar": "التكامل مع البرامج الأخرى",
        "title_en": "Integration with other programs",
        "image_url": "/images/integration.png",
        "description_ar": "القدرة على التكامل مع البرامج الأخرى هي ميزة كبيرة من برامجنا . بعد استخدام البرنامج لإدخال جميع المبيعات و الإيرادات والنفقات، يمكن لأصحاب الأعمال بسهولة تصدير تلك البيانات إلى برامج أخرى Word ، Exel ، إلخ...",
        "description_en": "The ability to integrate with other programs is a huge advantage of our Program. After using the Program to enter all sales, revenue and expenses, business owners can easily export that data to other programs Word, Exel, etc..."
    },
    {
        "feature": "public",
        "title_ar": "سهولة الإستخدام",
        "title_en": "Ease of use",
        "image_url": "/images/easy_use.png",
        "description_ar": "مشكلة واحدة مع برامج المحاسبة هي أن العديد منهم يصعب استخدامها ومرهقة للتعلم. لذلك تم تصميمه ليكون بديهي وسهل الفهم ، حتى لأصحاب الأعمال الذين يفتقرون إلى الخلفية المالية أو المحاسبية.",
        "description_en": "One problem with accounting Program is that many of them are difficult to use and cumbersome to learn. So it is designed to be intuitive and easy to understand, even for business owners who lack a financial or accounting background"
    },
    {
        "feature": "public",
        "title_ar": "إضافات سريعة لبياناتك",
        "title_en": "Quick additions to data",
        "image_url": "/images/add_data.png",
        "description_ar": "يتميز برنامج بالسهولة والسرعة فى الاداء فهو يمتلك العديد من الامكانيات التى تساعده على ذلك حيث يتيح لك إنشاء أكثر من معاملة في مكان واحد و سهولة التنقل يبن الشاشات ، كما يمكنك ايضا عمل إضافة سريعة للعملاء الجدد كل ذلك بضغطة واحدة.",
        "description_en": "The program is characterized by ease and speed in performance as it has many capabilities that help it to that, as it allows you to create more than one transaction in one place and ease of movement builds screens, you can also make a quick addition to new customers all with one click"
    },
    {
        "feature": "public",
        "title_ar": "إرفاق الملفات و الصور",
        "title_en": "Attach files and pictures",
        "image_url": "/images/file_pic.png",
        "description_ar": "يتيح لك إرفاق الملفات و الصور في المعاملات و الفواتير و الموظفين و العملاء إلخ.....",
        "description_en": "It allows you to attach files and pictures to transactions, invoices, employees, customers, etc...."
    },
    {
        "feature": "public",
        "title_ar": "البصمة و الحضور و الإنصراف",
        "title_en": "Fingerprint and attendance and Departure",
        "image_url": "/images/fingerprint.png",
        "description_ar": "ربط البرنامج بجهاز البصمة يتيح تسجيل بصمة الموظفين و العملاء و تسجيل الحضور و الإنصراف بالوقت و التاريخ ",
        "description_en": "Connecting the program to the fingerprint device enables recording the fingerprint of employees and clients and record attendance and leave time and date"
    },
    {
        "feature": "public",
        "title_ar": "قراءة الباركود",
        "title_en": "Barcode reading",
        "image_url": "/images/barcode_reading.png",
        "description_ar": "إمكانية إستخدام قارئ الباركود مباشرة في عملية البيع. تتبع المخزون أوتوماتيك , إنشاء باركود أوتوماتيك للأصناف.",
        "description_en": "The possibility of using the barcode reader directly in the selling process. Automatic inventory tracking, automatic barcode creation for items."
    },
    {
        "feature": "public",
        "title_ar": "الإعدادات الإفتراضية",
        "title_en": "Default settings",
        "image_url": "/images/default_setting.png",
        "description_ar": "التحكم في إعدادات البرنامج و الطباعة حسب الحاجة و تعريف خانات إفتراضية للمعاملات لسهولة إضافة المعاملات.",
        "description_en": "Control program settings, print as needed, and define default checkboxes for transactions, for ease of adding transactions."
    },
    {
        "feature": "public",
        "title_ar": "ورديات العمل",
        "title_en": "Work shifts",
        "image_url": "/images/shift.png",
        "description_ar": "فتح وردية تمكنك من إضافة المعاملات داخل الوردية و عند غلقها يمكن استعراض كافة تفاصيل الوردية و الفواتير المضافة و طباعتها.",
        "description_en": "Opening a shift enables you to add transactions inside the shift and when closed it can review all details of the shift and added bills and print them."
    },
    {
        "feature": "public",
        "title_ar": "المجموعات",
        "title_en": "Groups",
        "image_url": "/images/groups.png",
        "description_ar": "يتم ربط العملاء أو الموردين أو الأصناف المخزنية في مجموعات عندما يكون هناك توافق و تشابه في الصفات و الميزات بينهم لتسهيل الوصول و الربط بينهم",
        "description_en": "Clients, suppliers, or items stored in groups are linked when there is compatibility and similarities in characteristics and features between them to facilitate access and linking between them."
    },
    {
        "feature": "public",
        "title_ar": "التقارير و الطباعة",
        "title_en": "Reports and printing",
        "image_url": "/images/printer_path.png",
        "description_ar": "يوجد بالبرنامج نظام يحتوي على العديد من التقارير الدقيقة و الشاملة مع إمكانية عمل فلتر للتقارير حسب الحاجة و إمكانية طباعة التقارير و الفواتير بطرق مختلفة مثل الطابعة الحرارية , pdf, OneNote, fax .. إلخ.....",
        "description_en": "The program has a system that contains many accurate and comprehensive reports with the ability to make a filter for reports as needed and the ability to print reports and invoices in various ways such as thermal printer, pdf, OneNote, fax..etc...."
    },
    {
        "feature": "public",
        "title_ar": "العناويــــــــــن و طرق الوصـــــول",
        "title_en": "Addresses and access methods",
        "image_url": "/images/area.png",
        "description_ar": "يتيح لك نظام العناوين من إضافة محافظات و مدن و مناطق و كتابة عناوين و ربطها بالموظفين و العملاء و الموردين و تسجيل أرقامهم الشخصية و حسابات التواصل الإجتماعي لهم لسهولة الوصول إليهم و إرسال الإشعارات ",
        "description_en": "The address system enables you to add provinces, cities and regions, write addresses and link them to employees, customers and suppliers, and register their personal numbers and social media accounts for them to easily reach them and send notifications."
    },
    {
        "feature": "public",
        "title_ar": "العملات",
        "title_en": "Currencies",
        "image_url": "/images/currency.png",
        "description_ar": "يتيح لك العمل بعملات مختلفة في الفواتير و الدفع و التحصيل .. إلخ....  ",
        "description_en": "Enables you to work in different currencies on billing, payment and collection .. etc...."
    },
    {
        "feature": "public",
        "title_ar": "تعدد طرق الدفع",
        "title_en": "Multiple payment methods",
        "image_url": "/images/payment_methods.png",
        "description_ar": "يتيح البرنامج أكثر من طريقة دفع أو تحصيل عن طريق النقدي أو الشيك أو الفيزا أو الماستر كارت.",
        "description_en": "Our program provides you with more than one way to pay or collect by cash, check, visa or master card."
    },
    {
        "feature": "public",
        "title_ar": "الحالات الإجتماعية",
        "title_en": "Social status",
        "image_url": "/images/marital.png",
        "description_ar": "يتيح لك إضافة  حالات إجتماعية و ربطها بالموظفين لمعرفة حالاتهم الإجتماعاية.",
        "description_en": "It allows you to add social cases and link them to employees to know their social status."
    },
    {
        "feature": "public",
        "title_ar": "الضرائب و الخصومات",
        "title_en": "Taxes and discounts",
        "image_url": "/images/tax_type.png",
        "description_ar": "يتم إضافة خصومات و ضرائب على المعاملات و الأصناف المخزنية و تحديدها ك نسبة أو سعر حسب نوع الخصم أو الضريبة و يتم حسابها من قيمة المعاملة",
        "description_en": "Discounts and taxes on transactions and inventory items are added and determined as a percentage or price according to the type of discount or tax and are calculated from the value of the transaction."
    },
    {
        "feature": "pos",
        "title_ar": "الوحدات",
        "title_en": "Units",
        "image_url": "/images/unit.png",
        "description_ar": "يتم ربط الأصناف المخزنية بالوحدات ليتم البيع أو الشراء للصنف بالوحدة مثل : جرام , كيلو , قطعة , دستة و إلخ....",
        "description_en": "The stored items are linked to the units to be sold or bought for the item in the unit such as: grams, kilos, pieces, dozen, etc...."
    },
    {
        "feature": "pos",
        "title_ar": "تحويل الأصناف",
        "title_en": "Items Transfer",
        "image_url": "/images/transfer_branch.png",
        "description_ar": "يتيح لك تحويل أصناف مخزنية من مخزن لمخزن أو من فرع لفرع بعد الحصول على الموافقة من المخزن أو الفرع المحول إليه",
        "description_en": "It allows you to transfer store items from store to store or from branch to branch after obtaining approval from the store or the branch transferred to it"
    },
    {
        "feature": "pos",
        "title_ar": "تجميع و تفكيك الأصناف",
        "title_en": "Assembling and dismantling items",
        "image_url": "/images/store_dismantle.png",
        "description_ar": "يتيح لك إضافة صنف مجمع من أصناف أخرى و وضع قيمة مضافة على سعر الصنف و أيضا تفكيك ذلك الصنف و إعادة الأصناف المجمعة بداخله لمكانها",
        "description_en": "It allows you to add a grouped item from other items and put an added value on the price of the item, and also to dismantle that item and return the items grouped inside to its place"
    },
    {
        "feature": "pos",
        "title_ar": "الجرد المخزني",
        "title_en": "stock inventory",
        "image_url": "/images/store_stock.png",
        "description_ar": "يتيح لك عمل محاضر جرد لمعرفة كميات الأصناف على مستوى المخازن و تسوية المخزون و إيقاف التداول على الأصناف تحت الجرد حتى الإنتهاء من تسوية المخزون",
        "description_en": "It allows you to make inventory records to know the quantities of items at the warehouse level and to settle inventory and stop trading on items under inventory until the stock settlement is completed."
    },
    {
        "feature": "pos",
        "title_ar": "فواتير مرتجع البيع و الشراء",
        "title_en": "Buy and purchase Invoices returns",
        "image_url": "/images/return_invoice.png",
        "description_ar": "يتم عمل فاتورة مرتجع لإذن البيع أو الشراء لإعادة الأصناف التي تم بيعها أو شرائها من المخزن",
        "description_en": "A returned invoice of sale or purchase authorization is returned to return items that were sold or purchased from the store"
    },
    {
        "feature": "pos",
        "title_ar": "فواتير الحسابات",
        "title_en": "Account invoices",
        "image_url": "/images/account_invoices.png",
        "description_ar": "يتم إنشاء فاتورة حسابات مستقلة مع الأوذونات و الطلبات لتسجيل كل ما يتم صرفة أو إضافته للخزينة",
        "description_en": "A separate accounts invoice is created with permissions and requests to record everything that is cashed out or added to the treasury"
    },
    {
        "feature": "pos",
        "title_ar": "فواتير الوارد و المنصرف",
        "title_en": "Incoming and outgoing Invoices",
        "image_url": "/images/pic_out.png",
        "description_ar": "يتيح لك تسجيل فواتير للنقود الواردة أو المنصرفة من الخزنة و إضافة أنواع محددة لها لتحديد أوجه الصرف و الإيرادات",
        "description_en": "It allows you to record invoices for cash received or spent from the treasury and add specific types to it to determine the aspects of spending and revenue"
    },
    {
        "feature": "pos",
        "title_ar": "فواتير الشراء و البيع و الإتلاف المخزني",
        "title_en": "Invoices for purchase, sale and store damage",
        "image_url": "/images/store_out.png",
        "description_ar": "نظام فواتير الشراء يتم فيه تسجيل الأصناف الواردة للمخزن  ك رصيد إفتتاحي أو شراء أو عهدة و فواتير البيع لتسجيل الأصناف المصروفة من المخزن ك بيع أو إتلاف أو أخرى",
        "description_en": "The purchase invoices system in which the incoming items to the store are recorded as an opening or purchase balance or custody and the sales invoices to register the items expended from the store as a sale or damage or other"
    },
    {
        "feature": "pos",
        "title_ar": "العملاء و الموردين",
        "title_en": "Customers And Suppliers",
        "image_url": "/images/vendor.png",
        "description_ar": "يتيح لك تسجيل عملاءأو موردين و ربطهم بالمعاملات و الفواتير و الطلبات",
        "description_en": "It allows you to register clients or suppliers and link them to transactions, invoices and orders"
    },
    {
        "feature": "hr",
        "title_ar": "الوظائف و الدرجات الوظيفية",
        "title_en": "Jobs and job degree",
        "image_url": "/images/degree.png",
        "description_ar": "يتم إضافة وظائف و درجات وظيفية و ربطها بالموظفين و تحديد مرتب كل وظيفة حسب الدرجة الوظيفية",
        "description_en": "Jobs and job grades are added, linked to employees, and the salary for each job is determined by job degree"
    },
    {
        "feature": "hr",
        "title_ar": "مرتبات الموظفين",
        "title_en": "Employees salaries",
        "image_url": "/images/employees_salary.png",
        "description_ar": "يتيح لك صرف المرتبات شهريا للموظفين و عمل تقرير شامل للموظف و بيان بمشاركته في العمل  لتحديد قيمة المرتب",
        "description_en": "It allows you to pay salaries monthly to employees, make a comprehensive report for the employee, and indicate his participation in the work to determine the value of the salary"
    },
    {
        "feature": "hr",
        "title_ar": "الموظفين و المناديب و موظفين التوصيل",
        "title_en": "Employees, delegates, and delivery employees",
        "image_url": "/images/employee_list.png",
        "description_ar": "يتم إضافة الموظفين و تحديد إختصاصاتهم و إضافة مناديب و ربطهم بفواتير البيع و إضافة موظفين توصيل و ربطهم بالطلبات و يتم عمل تقارير مفصلة لكلٌ منهم حسب طبيعة عمله",
        "description_en": "Employees are added, their terms of reference are added, delegates are added and they are linked to sales invoices, add delivery staff and link them to requests, and detailed reports are made for each of them according to the nature of their work"
    },
    {
        "feature": "hr",
        "title_ar": "السلف و سداد السلف",
        "title_en": "Advances and payment of advances",
        "image_url": "/images/emp_advances2.png",
        "description_ar": "يتيح لك صرف سلف للموظفين و عمل نظام شهري لسداد السلف",
        "description_en": "It allows you to make advances to employees and create a monthly system for paying advances"
    },
    {
        "feature": "hr",
        "title_ar": "مكافئات و خصومات الموظفين",
        "title_en": "Employee bonuses and discounts",
        "image_url": "/images/offer.png",
        "description_ar": "يتم تعيين مكافئات تحفيزية أو خصمومات على الموظفين و إضافتها خصمها من الراتب الشهري",
        "description_en": "Incentive bonuses or deductions are set for employees and their deduction is added to the monthly salary"
    },
    {
        "feature": "hr",
        "title_ar": "التأمينات الإجتماعية",
        "title_en": "Social Security",
        "image_url": "/images/Insurance-employee.png",
        "description_ar": "يتيح لك إضافة شرائح تأمين للموظفين و إضافة منشأة التأمين و إنشاء تأمين خاص بموظف و ربطهم بالتأمين و تحديد مبلغ التأمين و قيمة تحمل الموظف و المؤسسة و ربطها بالمرتب",
        "description_en": "It allows you to add insurance slides to employees, add an insurance facility, create insurance for an employee, link them to insurance, determine the amount of insurance, and the value of employee and institution incurred and link them to the salary"
    }
]