[
  {
    "moduleName": "public",
    "screenName": "currencies",
    "name": "currenciesManage",
    "En": "Manage",
    "Ar": "إدارة"
  },
  {
    "moduleName": "public",
    "screenName": "currencies",
    "name": "currenciesAdd",
    "En": "Add",
    "Ar": "إضافة"
  },
  {
    "moduleName": "public",
    "screenName": "currencies",
    "name": "currenciesUpdate",
    "En": "Edit",
    "Ar": "تعديل"
  },
  {
    "moduleName": "public",
    "screenName": "currencies",
    "name": "currenciesDelete",
    "En": "Delete",
    "Ar": "حذف"
  },
  {
    "moduleName": "public",
    "screenName": "currencies",
    "name": "currenciesView",
    "En": "View",
    "Ar": "عرض"
  },
  {
    "moduleName": "public",
    "screenName": "currencies",
    "name": "currenciesSearch",
    "En": "Search",
    "Ar": "بحث"
  },
  {
    "moduleName": "public",
    "screenName": "currencies",
    "name": "currenciesExport",
    "En": "Export",
    "Ar": "تصدير"
  },
  {
    "moduleName": "public",
    "screenName": "currencies",
    "name": "currenciesPrint",
    "En": "Print",
    "Ar": "طباعة"
  },
  {
    "moduleName": "public",
    "screenName": "currencies",
    "name": "currenciesUi",
    "En": "UI",
    "Ar": "الواجهة الرسومية"
  }
]
