[
    {
        "id" : "vendors_code" ,"En":"Write Vendor Code", "Ar" : "يكتب هنا كود المورد" 
    },
    {
        "id" : "vendors_code" ,"En":"Could be leave blank", "Ar" : "يمكن ان يترك فارغا" 
    },
    {
        "id" : "vendors_code" ,"En":"Code could numbers or letters or both", "Ar" : "يمكن ان يكون الكود حروف او ارقام او كلاهما" 
    },
    {
        "id" : "vendors_code" ,"En":"Max length is 8 digit", "Ar" : "الحد الاقصي لطول الكود 8 حروف او ارقام" 
    },

    {
        "id" : "vendors_name_ar" ,"En":"Write Vendor Name In Arabic ", "Ar" : "يكتب هنا إسم المورد بالعربية" 
    },
    {
        "id" : "vendors_name_ar" ,"En":"Couldn't be leave blank ", "Ar" : "لايمكن ان يترك فارغا" 
    },
    {
        "id" : "vendors_name_ar" ,"En":"Name must be in arabic only ", "Ar" : "يكتب إسم المورد بالعربية فقط" 
    },
    {
        "id" : "vendors_name_ar" ,"En":"Max length is 60 digit ", "Ar" : "الحد الاقصي لطول الإسم 60 حرف" 
    },

    {
        "id" : "vendors_name_en" ,"En":"Write Vendor Name In English ", "Ar" : "يكتب هنا إسم المورد بالانجليزية" 
    },
    {
        "id" : "vendors_name_en" ,"En":"Could be leave blank ", "Ar" : "يمكن ان يترك فارغا" 
    },
    {
        "id" : "vendors_name_en" ,"En":"Name must be in English only ", "Ar" : "يكتب إسم المورد بالانجليزية فقط" 
    },
    {
        "id" : "vendors_name_en" ,"En":"Max length is 60 digit ", "Ar" : "الحد الاقصي لطول الإسم 60 حرف" 
    },


    {
        "id" : "vendors_active" ,"En":"On Select Vendor state is Active", "Ar" : "عند تفعيل تكون حالة المورد نشط" 
    },
    {
        "id" : "vendors_active" ,"En":"if not selected vendor state Inactive ", "Ar" : "عند عدم التفعيل تكون حالة المورد غير نشط" 
    },


    {
        "id" : "vendors_some_branches" ,"En":"On Select Vendor Work with some brahnces", "Ar" : "عند تفعيل تكون حالة المورد يعمل مع بعض الفروع" 
    },
    {
        "id" : "vendors_some_branches" ,"En":"if not selected vendor with all branches ", "Ar" : "عند عدم التفعيل تكون حالة المورع يعمل مع جميع الفروع" 
    },
 

    {
        "id" : "vendors_branches" ,"En":"if option all branch not selected must select one branch at least", "Ar" : "عند عدم تفعيل اختيار لكل الفروع لابد من تحديد فرع واحد علي الاقل" 
    },
    {
        "id" : "vendors_branches" ,"En":"couldn't be leave blank except activate all brances", "Ar" : "لايمكن ان تكون فارغة الا عند تفعيل اختيار لكل الفروع" 
    },

    {
        "id" : "vendors_groups" ,"En":"specify group for vendor", "Ar" : "تستخدم لتحديد مجموعة للمورد" 
    },
    {
        "id" : "vendors_groups" ,"En":"must select one group", "Ar" : "لابد من تحديد مجموعة للمورد" 
    },

    {}

]