[
  {
    "moduleName": "public",
    "name": "companiesAdmin",
    "En": "Administration Permissions",
    "Ar": "َصلاحيات الإدارة",
    "permissions": [
      "countriesManage",
      "activeSubstancesManage",
      "citiesManage",
      "currenciesManage",
      "discountTypesManage",
      "doctorDeskTopManage",
      "purchaseRequestManage",
      "itemsGroupManage",
      "safesManage",
      "storesItemsManage",
      "taxesTypesManage",
      "vendorsManage",
      "vendorsGroupManage",
      "storesUnitsManage",
      "govesManage",
      "areasManage",
      "nationalitiesManage",
      "servicesManage",
      "servicesGroupsManage",
      "servicesCategoriesManage",
      "servicesOrdersManage",
      "achiCodesManage",
      "offersManage",
      "patientsManage",
      "insuranceCompaniesManage",
      "insuranceContractsManage",
      "mainInsuranceCompaniesManage",
      "hospitalCentersManage",
      "doctorsManage",
      "specialtiesManage",
      "storesManage",
      "insuranceClassesManage"
    ]
  }
]
