[
    {"name" : "companies" , "En" : "Compaines" , "Ar" : "الشركات"},
    {"name" : "companies_add" , "En" : "Add company" , "Ar" : "إضافة شركة"},
    {"name" : "companies_edit" , "En" : "Edit company" , "Ar" : "تعديل شركة"},
    {"name" : "companies_informations" , "En" : "company Informations" , "Ar" : "بيانات الشركة"},
    {"name" : "companies_basic_information" , "En" : "Basic Informations" , "Ar" : "البيانات الاساسية"},
    {"name" : "companies_contact_information" , "En" : "Contact Informations" , "Ar" : "بيانات الاتصال"},
    {"name" : "companies_details" , "En" : "company Details" , "Ar" : "تفاصيل الشركة"},
    {"name" : "companies_delete" , "En" : "Delete company" , "Ar" : "حذف شركة"},
    {"name" : "companies_code" , "En" : "company Code" , "Ar" : "كود الشركة"},
    {"name" : "companies_phone" , "En" : "Phone" , "Ar" : "التليفون"},
    {"name" : "companies_mobile" , "En" : "Mobile" , "Ar" : "الموبايل"},
    {"name" : "companies_activity" , "En" : "Activity" , "Ar" : "النشاط"},
    {"name" : "companies_branches_informations" , "En" : "Branches Informations" , "Ar" : "بيانات الفروع"},
    {"name" : "companies_branch" , "En" : "Branch" , "Ar" : "الفرع"},
    {"name" : "companies_branch_information" , "En" : "Branch Information" , "Ar" : "بيانات الفرع"},
    {"name" : "companies_contact_charge" , "En" : "Charge Information" , "Ar" : "بيانات المسئول"},

    {"name" : "count_items" , "En" : "Items Count" , "Ar" : "عدد الأصناف"},
    {"name" : "count_units" , "En" : "Units Count" , "Ar" : "عدد الوحدات"},
    {"name" : "count_stores" , "En" : "Stores Count" , "Ar" : "عدد المخازن"},
    {"name" : "count_currencies" , "En" : "Currencies Count" , "Ar" : "عدد العملات"},
    {"name" : "count_branches" , "En" : "Branches Count" , "Ar" : "عدد الفروع"},
    {"name" : "compaines_users_count" , "En" : "Users Count" , "Ar" : "عدد المستخدمين"},

    {"name" : "companies_branch_code" , "En" : "Branch Code" , "Ar" : "كود الفرع"},
    {"name" : "companies_branch_name" , "En" : "Branch Name" , "Ar" : "إسم الفرع"},
    {"name" : "companies_branch_name_ar" , "En" : "Branch Name Arabic" , "Ar" : "إسم الفرع بالعربى"},
    {"name" : "companies_branch_name_en" , "En" : "Branch Name English" , "Ar" : "إسم الفرع بالانجليزى"},
    {"name" : "companies_branch_notes" , "En" : "Branch Notes" , "Ar" : "ملاحظات الفرع"},

    {"name" : "companies_charge_name" , "En" : "Charge Name" , "Ar" : "إسم المسئول"},
    {"name" : "shutdown_date" , "En" : "Shutdown date" , "Ar" : "تاريخ إيقاف التشغيل"},
    {"name" : "companies_charge_job" , "En" : "Charge Job" , "Ar" : "الوظيفة"},
    {"name" : "companies_internal_number" , "En" : "Internal Number" , "Ar" : "الرقم الداخلي"},


    {"name" : "companies_banking_informations" , "En" : "Banking Informations" , "Ar" : "البنوك"},
    {"name" : "companies_bank_information" , "En" : "Bank Information" , "Ar" : "بيانات البنك"},
    {"name" : "companies_bank_name" , "En" : "Bank Name" , "Ar" : "إسم البنك"},
    {"name" : "companies_bank_account_number" , "En" : "Bank Account Number" , "Ar" : "رقم الحساب"},
    {"name" : "companies_filter_with_date" , "En" : "Filter With Date" , "Ar" : "تصفية البيانات بالتاريخ"},
    {"name" : "companies_calender_type" , "En" : "Calender Type" , "Ar" : "نوع التقويم"},
    {"name" : "companies_gegorian" , "En" : "Gregorian" , "Ar" : "ميلادي"},
    {"name" : "companies_hijri" , "En" : "Hijri" , "Ar" : "هجري"},
    {"name" : "companies_date" , "En" : "Date" , "Ar" : "التاريخ"},


    {"name" : "customers_count" , "En" : "Customers Count" , "Ar" : "عدد العملاء"},
    {"name" : "employees_count" , "En" : "Employees Count" , "Ar" : "عدد الموظفين"},
    {"name" : "companies_city" , "En" : "City" , "Ar" : "المدينة"},
    {"name" : "companies_email" , "En" : "Email" , "Ar" : "البريد الإلكتروني"},
    {"name" : "companies_fax" , "En" : "Fax" , "Ar" : "الفاكس"},
    {"name" : "companies_name_ar" , "En" : "company Name Arabic" , "Ar" : "إسم الشركة"},
    {"name" : "companies_name_en" , "En" : "company Name English" , "Ar" : "إسم الشركة بالانجليزية"},
    {"name" : "companies_excahange_price" , "En" : "Exchange Price" , "Ar" : "سعر الصرف"},
    {"name" : "companies_company_swift_code" , "En" : "Swift Code" , "Ar" : "رقم السويفت"},
    {"name" : "companies_new" , "En" : "New company" , "Ar" : "شركة جديد"},
    {"name" : "domain_example" , "En" : "example : domain.com" , "Ar" : "example : domain.com"},

    {"name" : "companies_country" , "En" : "Coutntry" , "Ar" : "الدولة"},
    {"name" : "companies_address" , "En" : "Address" , "Ar" : "العنوان"},
    {"name" : "host_domain" , "En" : "Host Domain" , "Ar" : "مضيف / نطاق"},
    {"name" : "companies_customer_service" , "En" : "Customer Services" , "Ar" : "خدمة العملاء"}  
 
    
    
]