[
    { "moduleName" : "public" , "screenName" : "servicesGroups" , "name":"servicesGroupsManage" , "En":"Manage" , "Ar":"إدارة"},
    { "moduleName" : "public" , "screenName" : "servicesGroups" , "name":"servicesGroupsAdd" , "En":"Add" , "Ar":"إضافة"},
    { "moduleName" : "public" , "screenName" : "servicesGroups" , "name":"servicesGroupsUpdate" , "En":"Edit" , "Ar":"تعديل"},
    { "moduleName" : "public" , "screenName" : "servicesGroups" , "name":"servicesGroupsDelete" , "En":"Delete" , "Ar":"حذف"},
    { "moduleName" : "public" , "screenName" : "servicesGroups" , "name":"servicesGroupsView" , "En":"View" , "Ar":"عرض"},
    { "moduleName" : "public" , "screenName" : "servicesGroups" , "name":"servicesGroupsSearch" , "En":"Search" , "Ar":"بحث"},
    { "moduleName" : "public" , "screenName" : "servicesGroups" , "name":"servicesGroupsExport" , "En":"Export" , "Ar":"تصدير"},
    { "moduleName" : "public" , "screenName" : "servicesGroups" , "name":"servicesGroupsPrint" , "En":"Print" , "Ar":"طباعة"},
    { "moduleName" : "public" , "screenName" : "servicesGroups" , "name":"servicesGroupsUi" , "En":"UI" , "Ar":"الواجهة الرسومية"}
]