[
    { "moduleName" : "public" , "screenName" : "vendorsGroup" , "name":"vendorsGroupManage" , "En":"Manage" , "Ar":"إدارة"},
    { "moduleName" : "public" , "screenName" : "vendorsGroup" , "name":"vendorsGroupAdd" , "En":"Add" , "Ar":"إضافة"},
    { "moduleName" : "public" , "screenName" : "vendorsGroup" , "name":"vendorsGroupUpdate" , "En":"Edit" , "Ar":"تعديل"},
    { "moduleName" : "public" , "screenName" : "vendorsGroup" , "name":"vendorsGroupDelete" , "En":"Delete" , "Ar":"حذف"},
    { "moduleName" : "public" , "screenName" : "vendorsGroup" , "name":"vendorsGroupView" , "En":"View" , "Ar":"عرض"},
    { "moduleName" : "public" , "screenName" : "vendorsGroup" , "name":"vendorsGroupSearch" , "En":"Search" , "Ar":"بحث"},
    { "moduleName" : "public" , "screenName" : "vendorsGroup" , "name":"vendorsGroupExport" , "En":"Export" , "Ar":"تصدير"},
    { "moduleName" : "public" , "screenName" : "vendorsGroup" , "name":"vendorsGroupPrint" , "En":"Print" , "Ar":"طباعة"},
    { "moduleName" : "public" , "screenName" : "vendorsGroup" , "name":"vendorsGroupUi" , "En":"UI" , "Ar":"الواجهة الرسومية"}
]