[
    { "moduleName" : "public" , "screenName" : "hospitalCenters" , "name":"hospitalCentersManage" , "En":"Manage" , "Ar":"إدارة"},
    { "moduleName" : "public" , "screenName" : "hospitalCenters" , "name":"hospitalCentersAdd" , "En":"Add" , "Ar":"إضافة"},
    { "moduleName" : "public" , "screenName" : "hospitalCenters" , "name":"hospitalCentersUpdate" , "En":"Edit" , "Ar":"تعديل"},
    { "moduleName" : "public" , "screenName" : "hospitalCenters" , "name":"hospitalCentersDelete" , "En":"Delete" , "Ar":"حذف"},
    { "moduleName" : "public" , "screenName" : "hospitalCenters" , "name":"hospitalCentersView" , "En":"View" , "Ar":"عرض"},
    { "moduleName" : "public" , "screenName" : "hospitalCenters" , "name":"hospitalCentersSearch" , "En":"Search" , "Ar":"بحث"},
    { "moduleName" : "public" , "screenName" : "hospitalCenters" , "name":"hospitalCentersExport" , "En":"Export" , "Ar":"تصدير"},
    { "moduleName" : "public" , "screenName" : "hospitalCenters" , "name":"hospitalCentersPrint" , "En":"Print" , "Ar":"طباعة"},
    { "moduleName" : "public" , "screenName" : "hospitalCenters" , "name":"hospitalCentersUi" , "En":"UI" , "Ar":"الواجهة الرسومية"}
]