[
    { "moduleName" : "public" , "screenName" : "doctorDeskTop" , "name":"doctorDeskTopManage" , "En":"Manage" , "Ar":"إدارة"},
    { "moduleName" : "public" , "screenName" : "doctorDeskTop" , "name":"doctorDeskTopUpdate" , "En":"Edit" , "Ar":"تعديل"},
    { "moduleName" : "public" , "screenName" : "doctorDeskTop" , "name":"doctorDeskTopDelete" , "En":"Delete" , "Ar":"حذف"},
    { "moduleName" : "public" , "screenName" : "doctorDeskTop" , "name":"doctorDeskTopView" , "En":"View" , "Ar":"عرض"},
    { "moduleName" : "public" , "screenName" : "doctorDeskTop" , "name":"doctorDeskTopSearch" , "En":"Search" , "Ar":"بحث"},
    { "moduleName" : "public" , "screenName" : "doctorDeskTop" , "name":"doctorDeskTopExport" , "En":"Export" , "Ar":"تصدير"},
    { "moduleName" : "public" , "screenName" : "doctorDeskTop" , "name":"doctorDeskTopPrint" , "En":"Print" , "Ar":"طباعة"},
    { "moduleName" : "public" , "screenName" : "doctorDeskTop" , "name":"doctorDeskTopUi" , "En":"UI" , "Ar":"الواجهة الرسومية"}
]