[
  {
    "moduleName": "public",
    "screenName": "taxesTypes",
    "name": "taxesTypesManage",
    "En": "Manage",
    "Ar": "إدارة"
  },
  {
    "moduleName": "public",
    "screenName": "taxesTypes",
    "name": "taxesTypesAdd",
    "En": "Add",
    "Ar": "إضافة"
  },
  {
    "moduleName": "public",
    "screenName": "taxesTypes",
    "name": "taxesTypesUpdate",
    "En": "Edit",
    "Ar": "تعديل"
  },
  {
    "moduleName": "public",
    "screenName": "taxesTypes",
    "name": "taxesTypesDelete",
    "En": "Delete",
    "Ar": "حذف"
  },
  {
    "moduleName": "public",
    "screenName": "taxesTypes",
    "name": "taxesTypesView",
    "En": "View",
    "Ar": "عرض"
  },
  {
    "moduleName": "public",
    "screenName": "taxesTypes",
    "name": "taxesTypesSearch",
    "En": "Search",
    "Ar": "بحث"
  },
  {
    "moduleName": "public",
    "screenName": "taxesTypes",
    "name": "taxesTypesExport",
    "En": "Export",
    "Ar": "تصدير"
  },
  {
    "moduleName": "public",
    "screenName": "taxesTypes",
    "name": "taxesTypesPrint",
    "En": "Print",
    "Ar": "طباعة"
  },
  {
    "moduleName": "public",
    "screenName": "taxesTypes",
    "name": "taxesTypesUi",
    "En": "UI",
    "Ar": "الواجهة الرسومية"
  }
]
