[
    { "moduleName" : "public" , "screenName" : "mainInsuranceCompanies" , "name":"mainInsuranceCompaniesManage" , "En":"Manage" , "Ar":"إدارة"},
    { "moduleName" : "public" , "screenName" : "mainInsuranceCompanies" , "name":"mainInsuranceCompaniesAdd" , "En":"Add" , "Ar":"إضافة"},
    { "moduleName" : "public" , "screenName" : "mainInsuranceCompanies" , "name":"mainInsuranceCompaniesUpdate" , "En":"Edit" , "Ar":"تعديل"},
    { "moduleName" : "public" , "screenName" : "mainInsuranceCompanies" , "name":"mainInsuranceCompaniesDelete" , "En":"Delete" , "Ar":"حذف"},
    { "moduleName" : "public" , "screenName" : "mainInsuranceCompanies" , "name":"mainInsuranceCompaniesView" , "En":"View" , "Ar":"عرض"},
    { "moduleName" : "public" , "screenName" : "mainInsuranceCompanies" , "name":"mainInsuranceCompaniesSearch" , "En":"Search" , "Ar":"بحث"},
    { "moduleName" : "public" , "screenName" : "mainInsuranceCompanies" , "name":"mainInsuranceCompaniesExport" , "En":"Export" , "Ar":"تصدير"},
    { "moduleName" : "public" , "screenName" : "mainInsuranceCompanies" , "name":"mainInsuranceCompaniesPrint" , "En":"Print" , "Ar":"طباعة"},
    { "moduleName" : "public" , "screenName" : "mainInsuranceCompanies" , "name":"mainInsuranceCompaniesUi" , "En":"UI" , "Ar":"الواجهة الرسومية"}
]