[
    { "moduleName" : "public" , "screenName" : "nationalities" , "name":"nationalitiesManage" , "en":"Manage" , "ar":"إدارة"},
    { "moduleName" : "public" , "screenName" : "nationalities" , "name":"nationalitiesAdd" , "en":"Add" , "ar":"إضافة"},
    { "moduleName" : "public" , "screenName" : "nationalities" , "name":"nationalitiesUpdate" , "en":"Edit" , "ar":"تعديل"},
    { "moduleName" : "public" , "screenName" : "nationalities" , "name":"nationalitiesDelete" , "en":"Delete" , "ar":"حذف"},
    { "moduleName" : "public" , "screenName" : "nationalities" , "name":"nationalitiesView" , "en":"View" , "ar":"عرض"},
    { "moduleName" : "public" , "screenName" : "nationalities" , "name":"nationalitiesSearch" , "en":"Search" , "ar":"بحث"},
    { "moduleName" : "public" , "screenName" : "nationalities" , "name":"nationalitiesExport" , "en":"Export" , "ar":"تصدير"},
    { "moduleName" : "public" , "screenName" : "nationalities" , "name":"nationalitiesPrint" , "en":"Print" , "ar":"طباعة"},
    { "moduleName" : "public" , "screenName" : "nationalities" , "name":"nationalitiesUi" , "en":"UI" , "ar":"الواجهة الرسومية"}
]