[
    {
        "category": "main",
        "feature": "public",
        "id": "services",
        "name": "Services"
    },
    {
        "category": "main",
        "feature": "public",
        "id": "doctors",
        "name": "Doctors"
    },
    {
        "category": "main",
        "feature": "public",
        "id": "hospitalCenters",
        "name": "Hospital Centers"
    },
    {
        "category": "main",
        "feature": "public",
        "id": "insuranceClasses",
        "name": "Insurance Classes"
    },
    {
        "category": "main",
        "feature": "public",
        "id": "insuranceCompanies",
        "name": "Insurance Companies"
    },
    {
        "category": "main",
        "feature": "public",
        "id": "insuranceContracts",
        "name": "Insurance Contracts"
    },
    {
        "category": "main",
        "feature": "public",
        "id": "mainInsuranceCompanies",
        "name": "Main Insurance Companies"
    },
    {
        "category": "main",
        "feature": "public",
        "id": "offers",
        "name": "Offers"
    },
    {
        "category": "main",
        "feature": "public",
        "id": "patients",
        "name": "Patients"
    },
    {
        "category": "main",
        "feature": "public",
        "id": "servicesOrders",
        "name": "Services Orders"
    },
    {
        "category": "main",
        "feature": "public",
        "id": "specialties",
        "name": "Specialties"
    },
    {
        "category": "main",
        "feature": "public",
        "id": "countries",
        "name": "Countries"
    },
    {
        "category": "main",
        "feature": "public",
        "id": "goves",
        "name": "Goves"
    },
    {
        "category": "main",
        "feature": "public",
        "id": "cities",
        "name": "Cities"
    },
    {
        "category": "main",
        "feature": "public",
        "id": "areas",
        "name": "Areas"
    },
    {
        "category": "main",
        "feature": "public",
        "id": "nationalities",
        "name": "Nationalities"
    },
    {
        "category": "main",
        "feature": "public",
        "id": "servicesCategories",
        "name": "Services Categories"
    },
    {
        "category": "main",
        "feature": "public",
        "id": "servicesGroups",
        "name": "Services Groups"
    },
    {
        "category": "main",
        "feature": "public",
        "id": "achiCodes",
        "name": "ACHI Codes"
    },
    {
        "category": "main",
        "feature": "public",
        "id": "stores",
        "name": "Stores"
    },
    {
        "category": "main",
        "feature": "public",
        "id": "storesItems",
        "name": "Stores Items"
    },
    {
        "category": "main",
        "feature": "public",
        "id": "storesUnits",
        "name": "Stores Units"
    },
    {
        "category": "main",
        "feature": "public",
        "id": "itemsGroup",
        "name": "Items Group"
    },
    {
        "category": "main",
        "feature": "public",
        "id": "activeSubstances",
        "name": "Active Substances"
    },
    {
        "category": "main",
        "feature": "public",
        "id": "discountTypes",
        "name": "Discount Types"
    },
    {
        "category": "main",
        "feature": "public",
        "id": "taxesTypes",
        "name": "Taxes Types"
    },
    {
        "category": "main",
        "feature": "public",
        "id": "currencies",
        "name": "Currencies"
    },
    {
        "category": "main",
        "feature": "public",
        "id": "safes",
        "name": "Safes"
    },
    {
        "category": "main",
        "feature": "public",
        "id": "vendorsGroup",
        "name": "Vendors Group"
    },
    {
        "category": "main",
        "feature": "public",
        "id": "vendors",
        "name": "Vendors"
    },
    {
        "category": "main",
        "feature": "public",
        "id": "purchaseRequest",
        "name": "Purchase Request"
    },
    {
        "category": "main",
        "feature": "public",
        "id": "purchaseOrder",
        "name": "Purchase Order"
    }
]
