[
    { "moduleName" : "public" , "screenName" : "servicesCategories" , "name":"servicesCategoriesManage" , "En":"Manage" , "Ar":"إدارة"},
    { "moduleName" : "public" , "screenName" : "servicesCategories" , "name":"servicesCategoriesAdd" , "En":"Add" , "Ar":"إضافة"},
    { "moduleName" : "public" , "screenName" : "servicesCategories" , "name":"servicesCategoriesUpdate" , "En":"Edit" , "Ar":"تعديل"},
    { "moduleName" : "public" , "screenName" : "servicesCategories" , "name":"servicesCategoriesDelete" , "En":"Delete" , "Ar":"حذف"},
    { "moduleName" : "public" , "screenName" : "servicesCategories" , "name":"servicesCategoriesView" , "En":"View" , "Ar":"عرض"},
    { "moduleName" : "public" , "screenName" : "servicesCategories" , "name":"servicesCategoriesSearch" , "En":"Search" , "Ar":"بحث"},
    { "moduleName" : "public" , "screenName" : "servicesCategories" , "name":"servicesCategoriesExport" , "En":"Export" , "Ar":"تصدير"},
    { "moduleName" : "public" , "screenName" : "servicesCategories" , "name":"servicesCategoriesPrint" , "En":"Print" , "Ar":"طباعة"},
    { "moduleName" : "public" , "screenName" : "servicesCategories" , "name":"servicesCategoriesUi" , "En":"UI" , "Ar":"الواجهة الرسومية"}
]