[
    { "moduleName" : "public" , "screenName" : "itemsGroup" , "name":"itemsGroupManage" , "En":"Manage" , "Ar":"إدارة"},
    { "moduleName" : "public" , "screenName" : "itemsGroup" , "name":"itemsGroupAdd" , "En":"Add" , "Ar":"إضافة"},
    { "moduleName" : "public" , "screenName" : "itemsGroup" , "name":"itemsGroupUpdate" , "En":"Edit" , "Ar":"تعديل"},
    { "moduleName" : "public" , "screenName" : "itemsGroup" , "name":"itemsGroupDelete" , "En":"Delete" , "Ar":"حذف"},
    { "moduleName" : "public" , "screenName" : "itemsGroup" , "name":"itemsGroupView" , "En":"View" , "Ar":"عرض"},
    { "moduleName" : "public" , "screenName" : "itemsGroup" , "name":"itemsGroupSearch" , "En":"Search" , "Ar":"بحث"},
    { "moduleName" : "public" , "screenName" : "itemsGroup" , "name":"itemsGroupExport" , "En":"Export" , "Ar":"تصدير"},
    { "moduleName" : "public" , "screenName" : "itemsGroup" , "name":"itemsGroupPrint" , "En":"Print" , "Ar":"طباعة"},
    { "moduleName" : "public" , "screenName" : "itemsGroup" , "name":"itemsGroupUi" , "En":"UI" , "Ar":"الواجهة الرسومية"}
]