[
  {
    "moduleName": "public",
    "screenName": "storesUnitss",
    "name": "storesUnitssManage",
    "En": "Manage",
    "Ar": "إدارة"
  },
  {
    "moduleName": "public",
    "screenName": "storesUnitss",
    "name": "storesUnitssAdd",
    "En": "Add",
    "Ar": "إضافة"
  },
  {
    "moduleName": "public",
    "screenName": "storesUnitss",
    "name": "storesUnitssUpdate",
    "En": "Edit",
    "Ar": "تعديل"
  },
  {
    "moduleName": "public",
    "screenName": "storesUnitss",
    "name": "storesUnitssDelete",
    "En": "Delete",
    "Ar": "حذف"
  },
  {
    "moduleName": "public",
    "screenName": "storesUnitss",
    "name": "storesUnitssView",
    "En": "View",
    "Ar": "عرض"
  },
  {
    "moduleName": "public",
    "screenName": "storesUnitss",
    "name": "storesUnitssSearch",
    "En": "Search",
    "Ar": "بحث"
  },
  {
    "moduleName": "public",
    "screenName": "storesUnitss",
    "name": "storesUnitssExport",
    "En": "Export",
    "Ar": "تصدير"
  },
  {
    "moduleName": "public",
    "screenName": "storesUnitss",
    "name": "storesUnitssPrint",
    "En": "Print",
    "Ar": "طباعة"
  },
  {
    "moduleName": "public",
    "screenName": "storesUnitss",
    "name": "storesUnitssUi",
    "En": "UI",
    "Ar": "الواجهة الرسومية"
  }
]
