[
    { "moduleName" : "public" , "screenName" : "achiCodes" , "name":"achiCodesManage" , "En":"Manage" , "Ar":"إدارة"},
    { "moduleName" : "public" , "screenName" : "achiCodes" , "name":"achiCodesAdd" , "En":"Add" , "Ar":"إضافة"},
    { "moduleName" : "public" , "screenName" : "achiCodes" , "name":"achiCodesUpdate" , "En":"Edit" , "Ar":"تعديل"},
    { "moduleName" : "public" , "screenName" : "achiCodes" , "name":"achiCodesDelete" , "En":"Delete" , "Ar":"حذف"},
    { "moduleName" : "public" , "screenName" : "achiCodes" , "name":"achiCodesView" , "En":"View" , "Ar":"عرض"},
    { "moduleName" : "public" , "screenName" : "achiCodes" , "name":"achiCodesSearch" , "En":"Search" , "Ar":"بحث"},
    { "moduleName" : "public" , "screenName" : "achiCodes" , "name":"achiCodesExport" , "En":"Export" , "Ar":"تصدير"},
    { "moduleName" : "public" , "screenName" : "achiCodes" , "name":"achiCodesPrint" , "En":"Print" , "Ar":"طباعة"},
    { "moduleName" : "public" , "screenName" : "achiCodes" , "name":"achiCodesUi" , "En":"UI" , "Ar":"الواجهة الرسومية"}
]