[
    { "moduleName" : "public" , "screenName" : "insuranceCompanies" , "name":"insuranceCompaniesManage" , "En":"Manage" , "Ar":"إدارة"},
    { "moduleName" : "public" , "screenName" : "insuranceCompanies" , "name":"insuranceCompaniesAdd" , "En":"Add" , "Ar":"إضافة"},
    { "moduleName" : "public" , "screenName" : "insuranceCompanies" , "name":"insuranceCompaniesUpdate" , "En":"Edit" , "Ar":"تعديل"},
    { "moduleName" : "public" , "screenName" : "insuranceCompanies" , "name":"insuranceCompaniesDelete" , "En":"Delete" , "Ar":"حذف"},
    { "moduleName" : "public" , "screenName" : "insuranceCompanies" , "name":"insuranceCompaniesView" , "En":"View" , "Ar":"عرض"},
    { "moduleName" : "public" , "screenName" : "insuranceCompanies" , "name":"insuranceCompaniesSearch" , "En":"Search" , "Ar":"بحث"},
    { "moduleName" : "public" , "screenName" : "insuranceCompanies" , "name":"insuranceCompaniesExport" , "En":"Export" , "Ar":"تصدير"},
    { "moduleName" : "public" , "screenName" : "insuranceCompanies" , "name":"insuranceCompaniesPrint" , "En":"Print" , "Ar":"طباعة"},
    { "moduleName" : "public" , "screenName" : "insuranceCompanies" , "name":"insuranceCompaniesUi" , "En":"UI" , "Ar":"الواجهة الرسومية"}
]