[
    { "moduleName" : "public" , "screenName" : "activeSubstances" , "name":"activeSubstancesManage" , "En":"Manage" , "Ar":"إدارة"},
    { "moduleName" : "public" , "screenName" : "activeSubstances" , "name":"activeSubstancesAdd" , "En":"Add" , "Ar":"إضافة"},
    { "moduleName" : "public" , "screenName" : "activeSubstances" , "name":"activeSubstancesUpdate" , "En":"Edit" , "Ar":"تعديل"},
    { "moduleName" : "public" , "screenName" : "activeSubstances" , "name":"activeSubstancesDelete" , "En":"Delete" , "Ar":"حذف"},
    { "moduleName" : "public" , "screenName" : "activeSubstances" , "name":"activeSubstancesView" , "En":"View" , "Ar":"عرض"},
    { "moduleName" : "public" , "screenName" : "activeSubstances" , "name":"activeSubstancesSearch" , "En":"Search" , "Ar":"بحث"},
    { "moduleName" : "public" , "screenName" : "activeSubstances" , "name":"activeSubstancesExport" , "En":"Export" , "Ar":"تصدير"},
    { "moduleName" : "public" , "screenName" : "activeSubstances" , "name":"activeSubstancesPrint" , "En":"Print" , "Ar":"طباعة"},
    { "moduleName" : "public" , "screenName" : "activeSubstances" , "name":"activeSubstancesUi" , "En":"UI" , "Ar":"الواجهة الرسومية"}
]