[
    { "moduleName" : "public" , "screenName" : "stores" , "name":"storesManage" , "En":"Manage" , "Ar":"إدارة"},
    { "moduleName" : "public" , "screenName" : "stores" , "name":"storesAdd" , "En":"Add" , "Ar":"إضافة"},
    { "moduleName" : "public" , "screenName" : "stores" , "name":"storesUpdate" , "En":"Edit" , "Ar":"تعديل"},
    { "moduleName" : "public" , "screenName" : "stores" , "name":"storesDelete" , "En":"Delete" , "Ar":"حذف"},
    { "moduleName" : "public" , "screenName" : "stores" , "name":"storesView" , "En":"View" , "Ar":"عرض"},
    { "moduleName" : "public" , "screenName" : "stores" , "name":"storesSearch" , "En":"Search" , "Ar":"بحث"},
    { "moduleName" : "public" , "screenName" : "stores" , "name":"storesExport" , "En":"Export" , "Ar":"تصدير"},
    { "moduleName" : "public" , "screenName" : "stores" , "name":"storesPrint" , "En":"Print" , "Ar":"طباعة"},
    { "moduleName" : "public" , "screenName" : "stores" , "name":"storesUi" , "En":"UI" , "Ar":"الواجهة الرسومية"}
]