[
    { "moduleName" : "public" , "screenName" : "offers" , "name":"offersManage" , "En":"Manage" , "Ar":"إدارة"},
    { "moduleName" : "public" , "screenName" : "offers" , "name":"offersAdd" , "En":"Add" , "Ar":"إضافة"},
    { "moduleName" : "public" , "screenName" : "offers" , "name":"offersUpdate" , "En":"Edit" , "Ar":"تعديل"},
    { "moduleName" : "public" , "screenName" : "offers" , "name":"offersDelete" , "En":"Delete" , "Ar":"حذف"},
    { "moduleName" : "public" , "screenName" : "offers" , "name":"offersView" , "En":"View" , "Ar":"عرض"},
    { "moduleName" : "public" , "screenName" : "offers" , "name":"offersSearch" , "En":"Search" , "Ar":"بحث"},
    { "moduleName" : "public" , "screenName" : "offers" , "name":"offersExport" , "En":"Export" , "Ar":"تصدير"},
    { "moduleName" : "public" , "screenName" : "offers" , "name":"offersPrint" , "En":"Print" , "Ar":"طباعة"},
    { "moduleName" : "public" , "screenName" : "offers" , "name":"offersUi" , "En":"UI" , "Ar":"الواجهة الرسومية"}
]