[
    { "moduleName" : "public" , "screenName" : "patients" , "name":"patientsManage" , "En":"Manage" , "Ar":"إدارة"},
    { "moduleName" : "public" , "screenName" : "patients" , "name":"patientsAdd" , "En":"Add" , "Ar":"إضافة"},
    { "moduleName" : "public" , "screenName" : "patients" , "name":"patientsUpdate" , "En":"Edit" , "Ar":"تعديل"},
    { "moduleName" : "public" , "screenName" : "patients" , "name":"patientsDelete" , "En":"Delete" , "Ar":"حذف"},
    { "moduleName" : "public" , "screenName" : "patients" , "name":"patientsView" , "En":"View" , "Ar":"عرض"},
    { "moduleName" : "public" , "screenName" : "patients" , "name":"patientsSearch" , "En":"Search" , "Ar":"بحث"},
    { "moduleName" : "public" , "screenName" : "patients" , "name":"patientsExport" , "En":"Export" , "Ar":"تصدير"},
    { "moduleName" : "public" , "screenName" : "patients" , "name":"patientsPrint" , "En":"Print" , "Ar":"طباعة"},
    { "moduleName" : "public" , "screenName" : "patients" , "name":"patientsUi" , "En":"UI" , "Ar":"الواجهة الرسومية"}
]