[{
        "name": "developer",
        "En": "Developer",
        "Ar": " ديفولوبر"
    },
    {
        "name": "admin",
        "En": "Admin",
        "Ar": " ادمن"
    },
    {
        "name": "owner",
        "En": "Owner",
        "Ar": " صاحب البرنامج"
    },
    {
        "name": "security",
        "En": "Users Management",
        "Ar": "إدارة المستخدمين"
    },
    {
        "name": "print",
        "En": "Print",
        "Ar": "طباعة"
    },
    {
        "name": "menus",
        "En": "Menus View",
        "Ar": "ظهور القوائم العامة"
    }
]