[

    {
        "moduleName": "public",
        "name": "user_management",
        "Ar": "إدارة المستخدميين",
        "En": "User Management",
        "permissions": [
            "security",
            "security_manage"
        ]
    },
    {
        "moduleName": "public",
        "name": "menus",
        "Ar": "مشاهدة القوائم",
        "En": "Show Menus",
        "permissions": [
            "menus"
        ]
    }, {
        "moduleName": "public",
        "name": "print",
        "Ar": "امكانية الطباعة",
        "En": "Print",
        "permissions": [
            "Print"
        ]
    }
]