[
    {"name" : "security_app" , "En" : "Security App" , "Ar":"نظام الحماية"},
    {"name" : "security_login" , "En" : "Login" , "Ar":"تسجيل الدخول"},
    {"name" : "security_register" , "En" : "Register" , "Ar":"تسجيل الاشتراك"},
    {"name" : "security_logout" , "En" : "Logout" , "Ar":"تسجيل الخروج"},
    {"name" : "security_confirm_logout" , "En" : "Confirm Sign Out" , "Ar":"تأكيد تسجيل الخروج"},
    {"name" : "security_user_email" , "En" : "User Name" , "Ar":"إسم المستخدم"},
    {"name" : "security_user_password" , "En" : "Password" , "Ar":"كلمة المرور"},
    {"name" : "security_user_password_return" , "En" : "Password Return" , "Ar":"إعادة كتابة كلمة المرور"},
    {"name" : "security_user_name" , "En" : "Name" , "Ar":"الإسم"},
    {"name" : "security_user_male" , "En" : "Male" , "Ar":"ذكر"},
    {"name" : "security_user_female" , "En" : "Female" , "Ar":"أنثى"},
    {"name": "password_err_match","En": "password does not match","Ar": "كلمة المرور غير متطابقة"},
    {"name" : "security_user_mobile" , "En" : "Mobile" , "Ar":"رقم الموبيل"},
    {"name" : "security_logo" , "En" : "Logo" , "Ar":"الشعار"},
    {"name" : "security_entry" , "En" : "Entry" , "Ar":"دخول"},
    {"name" : "security_change_branch" , "En" : "Change Branch" , "Ar":"تغيير الفرع"},
    {"name" : "security_role" , "En" : "Role" , "Ar":"الصفة العامة"},
    {"name" : "security_add_role" , "En" : "Add Role" , "Ar":"أضف الى الصفات العامة"},
    {"name" : "security_role_ar" , "En" : "Role Arabic" , "Ar":"الإسم بالعربى"},
    {"name" : "security_role_en" , "En" : "Role English" , "Ar":"الإسم بالانجليزى"},
    {"name" : "security_add_to_roles" , "En" : "Add To Roles" , "Ar":"أضف الى الصفات العامة"},
    {"name" : "security_users" , "En" : "Users" , "Ar":"المستخدمين"},
    {"name" : "security_roles" , "En" : "Roles" , "Ar":"الصفات العامة"},
    {"name" : "security_accounting_roles" , "En" : "Accounting Roles" , "Ar":"الحسابات"},
    {"name" : "security_hr_roles" , "En" : "Hr Roles" , "Ar":"الموظفين"},
    {"name" : "security_inventory_roles" , "En" : "Inventory Roles" , "Ar":"المخازن"},
    {"name" : "security_custom_roles" , "En" : "Custom Roles" , "Ar":"مخصصة"},
    {"name" : "security_public_roles" , "En" : "Public Roles" , "Ar":"عامه"},
    {"name" : "security_permissions" , "En" : "Permissions" , "Ar":"الصلاحيات"},
    {"name" : "security_public_permissions" , "En" : "Public Permissions" , "Ar":"صلاحيات الشاشات العامه"},
    {"name" : "security_new_user" , "En" : "New User" , "Ar":"مستخدم جديد"},
    {"name" : "security_new_role" , "En" : "New Role" , "Ar":"صفه جديدة"},
    {"name" : "security_add_user" , "En" : "Add User" , "Ar":"أضف الى المستخدمين"},
    {"name" : "security_user_details" , "En" : "User Details" , "Ar":"تفاصيل المستخدم"},
    {"name" : "security_role_details" , "En" : " Details" , "Ar":"تفاصيل "},
    {"name" : "security_role_edit" , "En" : " Edit" , "Ar":"تعديل "},
    {"name" : "security_role_remove" , "En" : " Eemove" , "Ar":"حذف "},
    {"name" : "security_company" , "En" : "Company" , "Ar":"الشركة"},
    {"name" : "security_branch" , "En" : "Branch" , "Ar":"الفرع"},
    {"name" : "security_branches" , "En" : "Branches" , "Ar":"صلاحية الفرع"},
    {"name" : "security_basic_information" , "En" : "Basic Information" , "Ar":"البيانات الاساسية"},
    {"name" : "security_accounting_permissions" , "En" : "Accounting Permissions" , "Ar":"صلاحيات موديل الحسابات"},
    {"name" : "security_hr_permissions" , "En" : "HR Permissions" , "Ar":"صلاحيات موديل الموظفين"},
    {"name" : "security_inventory_permissions" , "En" : "Inventory Permissions" , "Ar":"صلاحيات موديل المخازن"},
    {"name" : "security_report_permissions" , "En" : "Reporting Permissions" , "Ar":"صلاحيات موديل التقارير"},
    {"name" : "security_load_user_companies" , "En" : "Show Branches" , "Ar":"عرض الفروع"},
    {"name" : "security_actions" , "En" : "Actions" , "Ar":"الاجراءات"},
    {"name" : "actions" , "En" : "Actions" , "Ar":"الاجراءات"},
    {"name" : "edit" , "En" : "Edit" , "Ar":"تعديل"},
    {"name" : "save" , "En" : "Save Changes" , "Ar":"حفظ التغيرات"},
    {"name" : "delete" , "En" : "Delete" , "Ar":"حذف"},
    {"name" : "details" , "En" : "Details" , "Ar":"تفاصيل"},
    {"name" : "notes" , "En" : "Notes" , "Ar":"ملاحظات"},
    {"name" : "files" , "En" : "Files" , "Ar":"ملفات"},
    {"name" : "file_name" , "En" : "File Name" , "Ar":"إسم الملف"},
    {"name" : "ar_lang" , "En" : "اللغة العربية" , "Ar":"اللغة العربية"},
    {"name" : "en_lang" , "En" : "English" , "Ar":"English"},
    {"name" : "close" , "En" : "Close" , "Ar":"أغلاق"},
    {"name" : "entry" , "En" : "Entry" , "Ar":"دخول"},
    {"name" : "role_details" , "En" : "Role Details" , "Ar":"تفاصيل الصفات"}


]