[
  {
    "moduleName": "public",
    "screenName": "safes",
    "name": "safesManage",
    "En": "Manage",
    "Ar": "إدارة"
  },
  {
    "moduleName": "public",
    "screenName": "safes",
    "name": "safesAdd",
    "En": "Add",
    "Ar": "إضافة"
  },
  {
    "moduleName": "public",
    "screenName": "safes",
    "name": "safesUpdate",
    "En": "Edit",
    "Ar": "تعديل"
  },
  {
    "moduleName": "public",
    "screenName": "safes",
    "name": "safesDelete",
    "En": "Delete",
    "Ar": "حذف"
  },
  {
    "moduleName": "public",
    "screenName": "safes",
    "name": "safesView",
    "En": "View",
    "Ar": "عرض"
  },
  {
    "moduleName": "public",
    "screenName": "safes",
    "name": "safesSearch",
    "En": "Search",
    "Ar": "بحث"
  },
  {
    "moduleName": "public",
    "screenName": "safes",
    "name": "safesExport",
    "En": "Export",
    "Ar": "تصدير"
  },
  {
    "moduleName": "public",
    "screenName": "safes",
    "name": "safesPrint",
    "En": "Print",
    "Ar": "طباعة"
  },
  {
    "moduleName": "public",
    "screenName": "safes",
    "name": "safesUi",
    "En": "UI",
    "Ar": "الواجهة الرسومية"
  }
]
