[
    { "moduleName" : "public" , "screenName" : "insuranceContracts" , "name":"insuranceContractsManage" , "En":"Manage" , "Ar":"إدارة"},
    { "moduleName" : "public" , "screenName" : "insuranceContracts" , "name":"insuranceContractsAdd" , "En":"Add" , "Ar":"إضافة"},
    { "moduleName" : "public" , "screenName" : "insuranceContracts" , "name":"insuranceContractsUpdate" , "En":"Edit" , "Ar":"تعديل"},
    { "moduleName" : "public" , "screenName" : "insuranceContracts" , "name":"insuranceContractsDelete" , "En":"Delete" , "Ar":"حذف"},
    { "moduleName" : "public" , "screenName" : "insuranceContracts" , "name":"insuranceContractsView" , "En":"View" , "Ar":"عرض"},
    { "moduleName" : "public" , "screenName" : "insuranceContracts" , "name":"insuranceContractsSearch" , "En":"Search" , "Ar":"بحث"},
    { "moduleName" : "public" , "screenName" : "insuranceContracts" , "name":"insuranceContractsExport" , "En":"Export" , "Ar":"تصدير"},
    { "moduleName" : "public" , "screenName" : "insuranceContracts" , "name":"insuranceContractsPrint" , "En":"Print" , "Ar":"طباعة"},
    { "moduleName" : "public" , "screenName" : "insuranceContracts" , "name":"insuranceContractsUi" , "En":"UI" , "Ar":"الواجهة الرسومية"}
]