[
    { "moduleName" : "public" , "screenName" : "discountTypes" , "name":"discountTypesManage" , "En":"Manage" , "Ar":"إدارة"},
    { "moduleName" : "public" , "screenName" : "discountTypes" , "name":"discountTypesAdd" , "En":"Add" , "Ar":"إضافة"},
    { "moduleName" : "public" , "screenName" : "discountTypes" , "name":"discountTypesUpdate" , "En":"Edit" , "Ar":"تعديل"},
    { "moduleName" : "public" , "screenName" : "discountTypes" , "name":"discountTypesDelete" , "En":"Delete" , "Ar":"حذف"},
    { "moduleName" : "public" , "screenName" : "discountTypes" , "name":"discountTypesView" , "En":"View" , "Ar":"عرض"},
    { "moduleName" : "public" , "screenName" : "discountTypes" , "name":"discountTypesSearch" , "En":"Search" , "Ar":"بحث"},
    { "moduleName" : "public" , "screenName" : "discountTypes" , "name":"discountTypesExport" , "En":"Export" , "Ar":"تصدير"},
    { "moduleName" : "public" , "screenName" : "discountTypes" , "name":"discountTypesPrint" , "En":"Print" , "Ar":"طباعة"},
    { "moduleName" : "public" , "screenName" : "discountTypes" , "name":"discountTypesUi" , "En":"UI" , "Ar":"الواجهة الرسومية"}
]